Vermont Population by Town.,,,,,,,,,,,,,,,,,,,,,,,,,,,,,,,,,,,,,,,,,,,,,,,,,,,,,,,
"April 1 Census Counts for 1930, 1940, 1950, 1960, 1960, 1980, 1990, 2000 and 2010.",,,,,,,,,,,,,,,,,,,,,,,,,,,,,,,,,,,,,,,,,,,,,,,,,,,,,,,
"July 1 Estimates for 1971-79, 1981-89, 1991-99, 2001-09, 2011-19. ",,,,,,,,,,,,,,,,,,,,,,,,,,,,,,,,,,,,,,,,,,,,,,,,,,,,,,,
,,YEAR,,,,,,,,,,,,,,,,,,,,,,,,,,,,,,,,,,,,,,,,,,,,,,,,,,,,,
CTC,NAME,1930,1940,1950,1960,1970,1971,1972,1973,1974,1975,1976,1977,1978,1979,1980,1981,1982,1983,1984,1985,1986,1987,1988,1989,1990,1991,1992,1993,1994,1995,1996,1997,1998,1999,2000,2001,2002,2003,2004,2005,2006,2007,2008,2009,2010,2011,2012,2013,2014,2015,2016,2017,2018,2019
101,ADDISON,684,576,628,645,717,726,734,769,790,802,815,819,832,861,889,900,911,922,934,945,958,973,991,"1,011","1,023","1,064","1,098","1,141","1,181","1,221","1,260","1,289","1,323","1,360","1,393","1,385","1,391","1,390","1,391","1,387","1,388","1,388","1,383","1,376","1,371","1,368","1,357","1,360",1365,1361,1348,1341,1337,1322
102,BRIDPORT,703,665,663,653,809,822,833,875,901,918,929,929,941,969,997,"1,008","1,019","1,031","1,043","1,055","1,069","1,084","1,103","1,124","1,137","1,145","1,155","1,172","1,185","1,198","1,209","1,211","1,216","1,225","1,235","1,224","1,230","1,231","1,232","1,229","1,230","1,230","1,228","1,222","1,218","1,216","1,215","1,215",1221,1215,1208,1193,1187,1178
103,BRISTOL,"1,832","1,939","1,988","2,159","2,744","2,790","2,829","2,972","3,065","3,122","3,140","3,123","3,142","3,220","3,293","3,331","3,367","3,407","3,447","3,488","3,534","3,586","3,650","3,719","3,762","3,755","3,758","3,785","3,799","3,813","3,820","3,795","3,784","3,781","3,788","3,796","3,827","3,840","3,859","3,864","3,881","3,897","3,900","3,895","3,894","3,885","3,875","3,868",3918,3945,3906,3892,3885,3842
104,CORNWALL,640,670,728,756,900,902,902,935,952,958,960,951,954,974,993,"1,001","1,009","1,018","1,027","1,036","1,046","1,059","1,074","1,092","1,101","1,103","1,106","1,117","1,123","1,130","1,135","1,130","1,130","1,132","1,136","1,154","1,163","1,168","1,173","1,175","1,181","1,186","1,187","1,185","1,185","1,182","1,174","1,179",1189,1193,1199,1198,1207,1192
105,FERRISBURGH,"1,285","1,347","1,387","1,426","1,875","1,896","1,912","1,999","2,051","2,080","2,077","2,051","2,048","2,084","2,117","2,131","2,145","2,161","2,177","2,194","2,213","2,237","2,267","2,300","2,317","2,352","2,384","2,432","2,473","2,513","2,551","2,568","2,594","2,626","2,657","2,665","2,692","2,706","2,723","2,732","2,749","2,765","2,772","2,773","2,775","2,768","2,757","2,767",2779,2764,2740,2721,2715,2690
106,GOSHEN,84,83,94,76,120,125,130,140,147,153,154,153,155,159,163,169,175,180,186,192,198,204,212,220,226,226,226,227,228,229,229,228,227,227,227,215,210,204,199,193,187,182,175,169,164,163,163,163,163,164,164,160,162,163
107,GRANVILLE,280,247,213,215,255,255,255,265,269,271,273,272,274,281,288,289,291,292,294,295,298,300,303,307,309,308,307,309,309,309,309,306,304,303,303,302,303,303,303,302,302,302,301,299,298,297,297,299,301,302,306,306,307,306
108,HANCOCK,303,371,391,323,283,285,285,297,303,306,310,310,314,324,334,333,333,333,334,334,334,336,338,340,340,344,348,354,359,365,369,371,374,378,382,374,370,365,359,353,348,342,336,328,323,322,322,321,326,326,329,332,334,333
109,LEICESTER,468,518,511,551,583,601,617,655,683,703,719,727,743,774,803,807,812,817,823,828,835,843,854,865,871,881,891,907,919,932,944,947,954,964,974,"1,001","1,017","1,029","1,043","1,052","1,066","1,078","1,087","1,094","1,100","1,098","1,109","1,109",1119,1114,1100,1080,1085,1086
110,LINCOLN,800,745,577,481,599,611,622,656,678,693,725,748,779,825,870,878,886,894,903,912,922,934,949,965,974,"1,000","1,022","1,052","1,079","1,106","1,132","1,148","1,169","1,192","1,214","1,228","1,239","1,245","1,252","1,255","1,262","1,269","1,271","1,270","1,271","1,269","1,266","1,272",1272,1268,1260,1260,1259,1241
111,MIDDLEBURY,"2,968","3,175","4,778","5,305","6,532","6,547","6,548","6,791","6,913","6,958","7,044","7,052","7,139","7,361","7,574","7,595","7,621","7,658","7,691","7,724","7,771","7,826","7,908","8,002","8,034","8,032","8,047","8,113","8,153","8,191","8,215","8,172","8,158","8,160","8,183","8,205","8,273","8,312","8,357","8,378","8,424","8,463","8,485","8,490","8,496","8,483","8,477","8,501",8545,8557,8654,8598,8744,8780
112,MONKTON,683,575,520,551,765,781,795,838,868,887,944,991,"1,048","1,124","1,201","1,227","1,250","1,275","1,300","1,325","1,352","1,382","1,417","1,455","1,482","1,511","1,537","1,574","1,605","1,638","1,668","1,684","1,707","1,734","1,759","1,796","1,827","1,849","1,873","1,891","1,916","1,939","1,957","1,969","1,980","1,975","2,015","2,024",2047,2071,2083,2080,2098,2090
113,NEW HAVEN,964,881,932,922,"1,039","1,044","1,047","1,089","1,111","1,121","1,135","1,135","1,148","1,183","1,217","1,230","1,241","1,255","1,268","1,282","1,297","1,315","1,337","1,361","1,375","1,405","1,433","1,470","1,503","1,536","1,568","1,587","1,611","1,639","1,666","1,650","1,668","1,677","1,689","1,695","1,707","1,718","1,723","1,725","1,727","1,723","1,747","1,743",1741,1738,1735,1720,1721,1705
114,ORWELL,835,876,902,826,851,854,855,887,904,911,904,888,882,892,901,921,938,957,976,995,"1,016","1,039","1,065","1,093","1,114","1,120","1,127","1,141","1,151","1,161","1,170","1,169","1,172","1,178","1,185","1,193","1,205","1,213","1,222","1,226","1,235","1,243","1,247","1,248","1,250","1,248","1,245","1,245",1250,1247,1239,1234,1235,1215
115,PANTON,306,312,332,352,416,420,423,442,453,458,472,479,493,515,537,542,548,553,559,565,572,580,589,600,606,614,621,632,641,651,659,662,668,675,682,674,678,679,680,679,681,682,681,679,677,675,670,669,675,682,680,688,699,707
116,RIPTON,194,231,207,131,187,197,207,225,239,250,264,275,288,308,327,339,348,359,369,380,392,404,418,432,444,456,467,481,493,506,518,525,535,546,556,556,563,567,572,574,578,583,586,587,588,586,582,593,595,593,588,581,576,569
117,SALISBURY,632,581,573,575,649,663,675,713,738,754,776,788,809,845,881,893,904,917,929,942,956,971,990,"1,011","1,024","1,029","1,035","1,048","1,058","1,068","1,076","1,075","1,078","1,083","1,090","1,101","1,110","1,115","1,121","1,124","1,129","1,135","1,136","1,136","1,136","1,133","1,128","1,124",1131,1131,1122,1118,1117,1107
118,SHOREHAM,948,865,829,786,790,807,822,867,898,918,924,920,926,950,972,984,995,"1,007","1,019","1,032","1,046","1,062","1,081","1,102","1,115","1,125","1,135","1,153","1,167","1,181","1,193","1,196","1,203","1,212","1,222","1,228","1,238","1,243","1,250","1,252","1,259","1,264","1,266","1,265","1,265","1,263","1,268","1,264",1272,1268,1256,1247,1242,1229
119,STARKSBORO,687,744,576,502,668,699,728,785,828,862,951,"1,029","1,117","1,226","1,336","1,350","1,363","1,378","1,393","1,408","1,425","1,445","1,469","1,495","1,511","1,553","1,590","1,637","1,680","1,723","1,765","1,792","1,826","1,864","1,898","1,883","1,880","1,869","1,860","1,845","1,836","1,826","1,810","1,791","1,777","1,771","1,769","1,760",1774,1776,1769,1762,1755,1744
120,VERGENNES,"1,705","1,662","1,736","1,921","2,242","2,233","2,220","2,288","2,316","2,317","2,296","2,251","2,232","2,254","2,273","2,297","2,321","2,346","2,372","2,398","2,429","2,463","2,504","2,550","2,578","2,591","2,606","2,639","2,663","2,687","2,706","2,704","2,711","2,724","2,741","2,691","2,692","2,682","2,674","2,658","2,650","2,642","2,625","2,603","2,588","2,582","2,584","2,588",2597,2631,2599,2558,2601,2583
121,WALTHAM,175,184,193,186,265,266,267,277,283,285,305,322,341,368,394,399,404,409,414,419,425,432,440,448,454,456,458,464,467,471,474,473,474,476,479,524,523,519,515,510,506,502,497,491,486,485,478,477,477,441,435,463,467,463
122,WEYBRIDGE,418,385,402,430,618,617,614,634,643,644,645,639,641,654,667,673,679,686,693,700,708,718,729,742,749,756,763,775,785,795,803,805,810,817,824,825,830,831,834,834,836,838,837,835,833,832,827,829,828,828,825,824,824,821
123,WHITING,358,312,282,304,359,358,357,369,374,375,374,369,368,374,379,381,382,385,387,389,392,395,400,405,407,402,400,400,399,397,395,389,385,381,380,385,391,395,399,403,407,412,415,417,419,418,420,421,424,420,414,420,416,411
201,ARLINGTON,"1,441","1,418","1,463","1,605","1,934","1,933","1,916","2,001","2,041","2,049","2,091","2,148","2,159","2,183","2,184","2,188","2,194","2,202","2,211","2,219","2,230","2,245","2,267","2,292","2,299","2,305","2,315","2,339","2,356","2,373","2,385","2,378","2,380","2,386","2,397","2,398","2,397","2,385","2,373","2,356","2,357","2,343","2,339","2,327","2,317","2,308","2,297","2,295",2277,2270,2260,2219,2223,2213
202,BENNINGTON,"10,628","11,257","12,411","13,002","14,586","14,595","14,473","15,135","15,446","15,520","15,691","15,976","15,912","15,945","15,815","15,819","15,845","15,889","15,930","15,972","16,035","16,123","16,261","16,419","16,451","16,321","16,250","16,283","16,259","16,235","16,181","15,993","15,864","15,768","15,737","15,780","15,820","15,803","15,783","15,734","15,790","15,763","15,792","15,777","15,764","15,702","15,555","15,519",15431,15345,15290,15003,15002,14964
203,DORSET,"1,120","1,128","1,150","1,150","1,293","1,294","1,283","1,342","1,370","1,377","1,441","1,517","1,561","1,613","1,648","1,672","1,693","1,717","1,740","1,764","1,790","1,820","1,855","1,894","1,918","1,927","1,939","1,963","1,980","1,998","2,012","2,010","2,015","2,024","2,036","2,029","2,036","2,034","2,033","2,026","2,035","2,031","2,035","2,033","2,031","2,022","2,008","2,010",1996,1987,1981,1946,1948,1943
204,LANDGROVE,104,64,80,49,104,105,104,109,112,113,115,118,119,121,121,122,123,124,125,126,127,129,131,133,134,135,136,137,139,140,141,142,142,143,144,146,148,149,150,151,153,154,156,157,158,157,159,158,160,159,159,154,155,157
205,MANCHESTER,"2,004","2,139","2,425","2,470","2,919","2,929","2,913","3,055","3,126","3,149","3,195","3,263","3,260","3,277","3,261","3,288","3,315","3,345","3,375","3,405","3,441","3,482","3,535","3,592","3,622","3,681","3,735","3,814","3,881","3,948","4,009","4,037","4,079","4,130","4,180","4,197","4,233","4,250","4,268","4,276","4,317","4,331","4,363","4,379","4,391","4,371","4,339","4,345",4313,4323,4312,4249,4258,4224
206,PERU,156,142,197,194,243,250,254,272,284,292,298,307,308,312,312,312,312,313,314,315,316,318,320,323,324,334,343,354,365,375,385,391,399,408,416,413,410,405,400,395,392,387,383,379,375,373,371,369,365,364,363,356,357,355
207,POWNAL,"1,425","1,402","1,453","1,509","2,441","2,467","2,470","2,607","2,684","2,721","2,851","3,003","3,091","3,197","3,269","3,279","3,293","3,309","3,326","3,342","3,364","3,391","3,428","3,470","3,485","3,485","3,492","3,522","3,540","3,557","3,569","3,551","3,546","3,549","3,560","3,529","3,541","3,537","3,533","3,521","3,536","3,529","3,535","3,532","3,527","3,511","3,490","3,485",3476,3460,3441,3415,3420,3400
208,READSBORO,"1,043",913,847,783,638,631,618,639,645,641,645,654,648,646,638,649,659,670,681,692,705,718,734,751,762,765,770,780,787,794,799,798,800,804,809,799,798,793,788,781,780,775,772,767,763,760,751,747,742,742,739,727,726,722
209,RUPERT,691,678,713,603,582,575,564,583,588,585,593,606,605,608,605,608,611,615,619,623,628,634,642,650,654,658,663,672,679,686,692,692,695,699,704,700,705,705,706,705,709,710,713,714,714,711,706,703,700,700,700,686,690,682
210,SANDGATE,189,187,158,93,127,133,138,151,160,167,182,198,210,223,234,238,242,245,249,253,258,262,268,274,278,287,294,303,311,320,328,333,339,347,353,355,362,367,373,377,385,389,395,401,405,404,403,403,398,396,394,391,392,381
211,SEARSBURG,103,135,84,73,84,83,81,84,84,83,82,81,78,75,72,73,74,75,77,78,79,80,82,84,85,86,87,89,90,91,93,93,94,95,96,92,94,96,98,100,102,104,106,108,109,108,108,108,107,107,107,108,109,108
212,SHAFTSBURY,"1,631","1,577","1,673","1,939","2,411","2,407","2,381","2,484","2,529","2,536","2,648","2,781","2,853","2,943","3,001","3,030","3,057","3,089","3,120","3,151","3,187","3,229","3,280","3,337","3,368","3,408","3,446","3,508","3,558","3,608","3,653","3,667","3,695","3,730","3,767","3,732","3,728","3,708","3,688","3,660","3,659","3,636","3,627","3,607","3,590","3,574","3,554","3,554",3531,3519,3500,3443,3450,3423
213,STAMFORD,370,418,514,600,752,746,733,760,769,766,773,786,781,781,773,770,768,767,766,765,766,767,770,775,773,776,780,789,795,801,806,805,806,809,813,814,818,818,819,817,822,821,824,824,824,821,818,822,818,819,821,811,812,809
214,SUNDERLAND,375,442,493,566,601,614,621,661,687,702,720,744,752,764,768,777,785,793,802,811,822,833,847,863,872,868,865,869,869,869,868,860,854,851,850,855,869,880,891,899,915,924,938,949,956,952,950,952,951,952,955,941,943,952
215,WINHALL,229,212,255,245,281,282,280,293,299,301,309,318,321,326,327,343,357,371,385,400,415,431,448,467,482,508,529,555,578,602,625,643,663,684,702,714,723,729,734,738,747,752,760,765,769,765,762,763,759,756,753,735,735,730
216,WOODFORD,139,170,198,207,286,286,283,295,300,301,306,313,313,315,314,315,315,317,318,319,321,323,326,330,331,340,348,359,368,377,386,392,399,407,414,412,414,415,416,416,420,420,422,424,424,423,418,418,413,410,408,402,403,400
217,GLASTENBURY,0,0,0,0,0,0,0,0,0,0,0,0,0,0,3,3,4,4,5,5,5,6,6,7,7,8,9,10,11,12,13,13,14,15,16,9,9,9,9,8,8,8,8,8,8,8,8,8,8,8,8,8,8,7
301,BARNET,"2,604","1,596","1,425","1,445","1,342","1,351","1,359","1,353","1,349","1,363","1,364","1,349","1,353","1,368","1,338","1,341","1,345","1,351","1,357","1,362","1,370","1,380","1,394","1,410","1,415","1,444","1,470","1,507","1,538","1,570","1,600","1,617","1,639","1,665","1,690","1,749","1,754","1,747","1,759","1,758","1,764","1,748","1,730","1,718","1,708","1,706","1,696","1,694",1683,1674,1642,1637,1637,1632
302,BURKE,"1,016",998,"1,042",922,"1,053","1,093","1,132","1,159","1,189","1,234","1,270","1,291","1,330","1,380","1,385","1,381","1,380","1,381","1,381","1,382","1,384","1,388","1,397","1,407","1,406","1,422","1,437","1,463","1,484","1,504","1,523","1,529","1,540","1,555","1,571","1,583","1,612","1,629","1,665","1,688","1,719","1,728","1,733","1,745","1,753","1,751","1,744","1,748",1735,1722,1718,1709,1704,1693
303,DANVILLE,"1,600","1,472","1,312","1,368","1,405","1,443","1,479","1,501","1,524","1,569","1,603","1,619","1,658","1,709","1,705","1,722","1,738","1,756","1,774","1,792","1,813","1,837","1,866","1,899","1,917","1,947","1,975","2,016","2,051","2,086","2,119","2,133","2,156","2,184","2,211","2,199","2,212","2,209","2,229","2,234","2,248","2,234","2,214","2,205","2,196","2,194","2,197","2,216",2208,2203,2170,2148,2157,2138
304,GROTON,803,764,712,631,666,671,675,672,670,678,678,671,674,682,667,686,703,720,738,756,775,795,819,843,862,861,862,869,873,877,880,875,873,873,876,860,883,901,928,949,974,987,998,"1,012","1,022","1,020","1,020","1,020",1013,1005,983,980,977,968
305,HARDWICK,"2,720","2,605","2,629","2,349","2,466","2,498","2,529","2,533","2,541","2,584","2,601","2,589","2,612","2,656","2,613","2,642","2,668","2,698","2,729","2,759","2,793","2,832","2,881","2,933","2,964","2,981","3,001","3,041","3,071","3,100","3,125","3,124","3,135","3,152","3,174","3,133","3,138","3,120","3,136","3,128","3,133","3,100","3,060","3,032","3,010","3,003","2,968","2,971",2956,2937,2881,2867,2868,2861
306,KIRBY,311,252,257,235,224,235,246,255,263,276,278,277,281,286,282,288,294,299,305,311,317,324,332,341,347,359,370,383,395,407,418,426,436,447,456,463,469,472,480,485,491,492,491,492,493,486,490,494,499,497,490,488,492,494
307,LYNDON,"3,285","3,144","3,360","3,425","3,705","3,830","3,954","4,036","4,125","4,270","4,421","4,521","4,683","4,883","4,924","4,954","4,984","5,021","5,057","5,094","5,138","5,191","5,259","5,335","5,371","5,366","5,374","5,416","5,439","5,463","5,477","5,445","5,434","5,434","5,448","5,489","5,573","5,624","5,728","5,795","5,888","5,911","5,925","5,960","5,981","5,971","5,969","5,974",5941,5907,5830,5772,5871,5674
308,NEWARK,301,242,192,151,144,151,158,163,168,176,198,217,240,264,280,287,293,300,307,313,321,328,337,347,354,367,378,392,404,417,429,438,449,460,470,482,497,507,524,536,551,559,566,575,581,579,581,584,581,576,585,587,591,593
309,PEACHAM,620,543,501,433,446,460,475,484,494,511,517,517,525,537,531,540,547,556,564,573,582,593,605,618,627,630,633,641,647,653,657,657,658,661,665,675,686,692,705,713,724,726,727,730,732,732,726,732,735,740,729,722,724,716
310,RYEGATE,"1,216","1,105",996,894,830,861,891,913,935,971,981,980,992,"1,013","1,000","1,002","1,006","1,010","1,014","1,018","1,024","1,032","1,042","1,054","1,058","1,066","1,075","1,090","1,103","1,115","1,126","1,127","1,133","1,141","1,150","1,139","1,149","1,152","1,167","1,174","1,186","1,182","1,176","1,175","1,174","1,169","1,164","1,158",1148,1136,1112,1107,1105,1101
311,SHEFFIELD,543,465,451,342,307,324,342,355,369,389,400,406,418,434,435,445,454,463,473,482,493,504,517,531,541,562,580,602,622,642,662,676,693,711,727,687,693,694,702,706,712,709,705,704,703,701,700,701,699,692,700,711,716,718
312,ST. JOHNSBURY,"9,696","9,095","9,292","8,869","8,409","8,446","8,475","8,417","8,375","8,444","8,378","8,217","8,172","8,187","7,938","7,867","7,820","7,781","7,740","7,697","7,669","7,647","7,648","7,658","7,608","7,704","7,687","7,720","7,726","7,730","7,721","7,649","7,604","7,575","7,571","7,485","7,540","7,546","7,627","7,657","7,718","7,685","7,639","7,621","7,603","7,594","7,591","7,585",7523,7442,7250,7209,7204,7157
313,STANNARD,154,140,116,113,88,96,104,111,118,127,131,133,137,142,142,142,142,143,143,144,144,145,146,148,148,152,156,160,164,169,172,175,178,182,185,188,193,196,201,204,209,211,212,214,216,216,220,216,222,224,222,217,217,218
314,SUTTON,596,561,528,476,438,471,504,531,559,595,612,622,641,665,667,685,701,718,735,752,770,790,812,836,854,870,884,904,921,938,954,962,974,988,"1,001",995,"1,005","1,007","1,021","1,027","1,038","1,035","1,031","1,030","1,029","1,027","1,030","1,026",1019,1023,1010,1002,1008,1005
315,WALDEN,664,547,481,427,442,462,481,496,511,533,544,548,561,577,575,587,598,609,620,632,644,658,674,691,703,711,718,730,740,750,759,762,767,775,782,796,816,831,855,873,895,906,915,927,935,930,932,938,933,925,938,941,949,953
316,WATERFORD,712,498,468,460,586,626,666,699,733,777,802,817,844,877,882,913,940,967,995,"1,024","1,054","1,086","1,122","1,160","1,190","1,057","1,062","1,073","1,081","1,090","1,096","1,093","1,094","1,098","1,104","1,138","1,160","1,176","1,204","1,222","1,247","1,255","1,262","1,273","1,280","1,277","1,285","1,291",1280,1278,1263,1248,1256,1246
317,WHEELOCK,412,293,287,246,238,255,272,286,301,320,346,369,396,427,444,446,449,452,455,458,461,466,472,478,481,496,509,526,541,557,572,582,595,608,621,643,666,685,711,732,755,770,783,800,811,810,808,809,806,799,810,819,826,826
401,BOLTON,325,287,301,237,427,460,487,506,526,548,581,614,646,677,715,740,761,784,807,830,856,882,913,945,971,969,969,976,978,981,982,975,972,970,971,970,997,"1,020","1,046","1,068","1,090","1,113","1,137","1,163","1,182","1,190","1,188","1,189",1191,1189,1184,1182,1190,1180
402,BURLINGTON,"24,789","27,686","33,155","35,531","38,633","39,283","39,319","38,798","38,361","38,130","38,058","37,895","37,765","37,535","37,712","37,725","37,786","37,881","37,973","38,058","38,198","38,393","38,697","39,053","39,127","39,098","39,173","39,502","39,691","39,877","39,994","39,778","39,703","39,710","39,815","40,267","40,559","40,743","41,003","41,186","41,411","41,637","41,965","42,240","42,417","42,645","42,282","42,284",42211,42452,42260,42239,42899,42819
403,CHARLOTTE,"1,089","1,082","1,215","1,271","1,802","1,915","1,999","2,055","2,113","2,181","2,257","2,328","2,401","2,468","2,561","2,615","2,662","2,714","2,765","2,818","2,875","2,938","3,011","3,090","3,148","3,189","3,229","3,290","3,341","3,393","3,440","3,458","3,490","3,529","3,569","3,601","3,627","3,642","3,663","3,675","3,685","3,697","3,714","3,738","3,754","3,778","3,812","3,828",3856,3861,3838,3816,3829,3785
404,COLCHESTER,"2,638","3,031","3,897","4,718","8,776","9,241","9,569","9,758","9,961","10,213","10,698","11,156","11,624","12,060","12,629","12,809","12,973","13,154","13,336","13,519","13,725","13,955","14,230","14,530","14,731","14,959","15,171","15,486","15,753","16,023","16,271","16,386","16,562","16,776","16,986","17,144","17,159","17,128","17,130","17,096","17,071","17,050","17,062","17,071","17,067","17,165","17,245","17,299",17384,17383,17319,17287,17499,17127
405,ESSEX,"2,876","3,059","3,931","7,090","10,951","11,403","11,682","11,792","11,923","12,114","12,572","12,999","13,437","13,838","14,392","14,566","14,727","14,907","15,087","15,268","15,475","15,708","15,991","16,301","16,498","16,707","16,908","17,223","17,482","17,745","17,982","18,072","18,228","18,425","18,626","18,846","18,972","19,042","19,144","19,205","19,251","19,307","19,392","19,511","19,587","19,713","20,057","20,526",20724,20946,21199,21519,21911,21890
406,HINESBURG,"1,019","1,000","1,120","1,180","1,775","1,892","1,982","2,042","2,105","2,178","2,281","2,378","2,477","2,569","2,690","2,798","2,890","2,986","3,085","3,185","3,292","3,406","3,533","3,668","3,780","3,836","3,889","3,968","4,035","4,102","4,164","4,192","4,235","4,288","4,340","4,357","4,372","4,373","4,382","4,380","4,375","4,373","4,378","4,390","4,396","4,425","4,457","4,485",4497,4489,4537,4554,4578,4525
407,HUNTINGTON,"1,091","1,077","1,135","1,425",748,808,856,892,928,969,"1,008","1,044","1,081","1,115","1,161","1,205","1,243","1,282","1,323","1,364","1,408","1,455","1,507","1,563","1,609","1,634","1,658","1,693","1,723","1,753","1,780","1,794","1,813","1,837","1,861","1,887","1,896","1,901","1,908","1,912","1,914","1,917","1,923","1,932","1,938","1,952","1,969","1,980",1986,1991,1978,1986,1998,1972
408,JERICHO,"1,091","1,077","1,135","1,425","2,343","2,532","2,685","2,799","2,915","3,045","3,151","3,250","3,352","3,445","3,575","3,640","3,698","3,761","3,825","3,890","3,961","4,039","4,131","4,231","4,302","4,375","4,442","4,539","4,623","4,707","4,785","4,824","4,881","4,949","5,015","5,020","5,030","5,025","5,028","5,020","5,009","5,000","4,999","5,006","5,009","5,040","5,028","5,052",5074,5082,5053,5047,5070,4994
409,MILTON,"1,663","1,750","1,874","2,022","4,495","4,797","5,029","5,188","5,353","5,544","5,802","6,045","6,294","6,526","6,829","6,974","7,101","7,239","7,378","7,518","7,673","7,842","8,037","8,248","8,404","8,510","8,611","8,771","8,902","9,035","9,155","9,199","9,278","9,377","9,479","9,643","9,746","9,820","9,910","9,979","10,038","10,105","10,186","10,284","10,352","10,418","10,526","10,572",10667,10827,10759,10940,10984,10829
410,RICHMOND,"1,315","1,225","1,278","1,303","2,249","2,370","2,457","2,507","2,561","2,628","2,735","2,835","2,937","3,031","3,159","3,209","3,254","3,303","3,353","3,403","3,459","3,520","3,594","3,674","3,729","3,762","3,797","3,856","3,903","3,951","3,992","4,000","4,023","4,055","4,090","4,144","4,145","4,135","4,132","4,120","4,104","4,091","4,083","4,083","4,081","4,108","4,093","4,103",4129,4126,4115,4140,4168,4119
411,SHELBURNE,"1,006","1,010","1,365","1,805","3,728","3,951","4,115","4,219","4,330","4,461","4,570","4,667","4,769","4,858","5,000","5,075","5,144","5,219","5,294","5,371","5,456","5,551","5,664","5,787","5,871","5,983","6,084","6,226","6,349","6,475","6,591","6,654","6,742","6,846","6,944","7,064","7,088","7,091","7,106","7,105","7,101","7,102","7,112","7,133","7,144","7,188","7,449","7,508",7736,7759,7726,7730,7775,7647
412,SOUTH BURLINGTON,"1,203","1,736","3,279","6,903","10,032","10,290","10,389","10,339","10,311","10,336","10,408","10,454","10,510","10,537","10,679","10,869","11,039","11,224","11,410","11,599","11,808","12,038","12,308","12,601","12,809","13,042","13,235","13,518","13,759","14,005","14,230","14,339","14,502","14,698","14,888","15,286","15,618","15,905","16,219","16,497","16,765","17,042","17,344","17,670","17,904","18,017","18,400","18,612",18743,18791,18971,19141,19486,19509
413,ST. GEORGE,84,87,117,108,477,512,539,558,578,600,616,630,644,657,677,677,679,681,683,684,687,691,697,703,705,703,702,706,708,709,709,703,700,698,698,715,712,707,702,697,691,685,680,677,674,679,680,673,708,710,709,718,732,731
414,UNDERHILL,781,760,698,730,"1,198","1,315","1,414","1,492","1,571","1,657","1,760","1,859","1,959","2,054","2,172","2,232","2,283","2,339","2,394","2,451","2,513","2,579","2,655","2,736","2,799","2,814","2,831","2,868","2,894","2,920","2,942","2,940","2,947","2,962","2,980","3,002","3,011","3,010","3,014","3,012","3,007","3,004","3,006","3,013","3,016","3,035","3,044","3,050",3067,3064,3070,3070,3093,3086
415,WESTFORD,698,698,685,680,991,"1,050","1,094","1,122","1,151","1,186","1,232","1,274","1,318","1,358","1,413","1,443","1,470","1,498","1,527","1,556","1,588","1,623","1,664","1,708","1,740","1,776","1,808","1,853","1,892","1,933","1,970","1,992","2,021","2,055","2,086","2,009","2,016","2,017","2,021","2,020","2,018","2,018","2,020","2,026","2,029","2,041","2,043","2,071",2085,2080,2077,2097,2121,2116
416,WILLISTON,961,"1,021","1,182","1,484","3,187","3,287","3,336","3,337","3,345","3,370","3,465","3,552","3,642","3,722","3,843","3,941","4,027","4,119","4,212","4,306","4,408","4,519","4,646","4,782","4,887","5,195","5,452","5,751","6,038","6,331","6,620","6,857","7,123","7,407","7,650","7,802","7,922","8,018","8,128","8,222","8,306","8,397","8,498","8,615","8,698","8,755","8,962","9,014",9215,9409,9578,9637,9870,10081
417,WINOOSKI,"5,308","6,036","6,734","7,420","7,309","7,353","7,280","7,105","6,946","6,827","6,727","6,612","6,502","6,376","6,318","6,330","6,348","6,373","6,397","6,421","6,453","6,495","6,556","6,626","6,649","6,624","6,618","6,653","6,665","6,676","6,674","6,617","6,582","6,561","6,561","6,670","6,753","6,815","6,889","6,947","7,002","7,062","7,133","7,212","7,267","7,312","7,239","7,239",7228,7193,7128,7237,7337,7333
419,BUEL'S GORE,0,0,0,0,10,10,10,10,9,9,9,9,9,9,9,8,8,7,6,6,5,4,4,3,2,3,4,5,6,7,8,9,10,11,12,14,16,18,20,22,23,25,27,29,30,30,30,30,30,30,30,32,32,31
501,BLOOMFIELD,417,326,291,212,196,197,191,188,194,190,193,189,177,183,188,195,201,207,213,219,225,232,239,247,253,253,254,256,260,260,261,259,259,260,261,246,245,242,240,236,230,231,228,223,221,221,219,220,215,217,221,224,226,235
502,BRIGHTON,"2,002","1,754","1,671","1,545","1,365","1,412","1,413","1,440","1,529","1,539","1,574","1,544","1,454","1,511","1,557","1,552","1,549","1,546","1,546","1,544","1,546","1,549","1,556","1,563","1,562","1,521","1,491","1,471","1,445","1,418","1,389","1,349","1,314","1,282","1,260","1,273","1,277","1,271","1,268","1,260","1,237","1,250","1,245","1,228","1,222","1,218","1,204","1,202",1182,1186,1177,1187,1188,1167
503,BRUNSWICK,73,86,73,62,45,46,46,46,49,48,56,62,64,73,82,83,84,85,85,86,87,88,90,91,92,93,95,97,98,100,102,103,104,105,107,108,110,110,111,111,110,112,112,112,112,111,113,114,115,117,116,115,115,102
504,CANAAN,906,872,969,"1,094",949,976,971,984,"1,039","1,042","1,094","1,102","1,064","1,133","1,196","1,183","1,172","1,164","1,155","1,147","1,140","1,134","1,132","1,131","1,121","1,113","1,109","1,112","1,110","1,109","1,106","1,094","1,086","1,080","1,078","1,069","1,067","1,055","1,046","1,033","1,008","1,013","1,002",982,972,970,954,950,934,936,930,932,931,921
505,CONCORD,"1,043",923,979,956,896,935,943,968,"1,036","1,051","1,087","1,079","1,028","1,080","1,125","1,116","1,111","1,107","1,102","1,098","1,095","1,094","1,095","1,099","1,093","1,103","1,114","1,131","1,145","1,159","1,170","1,172","1,178","1,187","1,196","1,222","1,233","1,234","1,239","1,239","1,223","1,243","1,245","1,236","1,235","1,232","1,221","1,216",1203,1214,1213,1222,1228,1211
506,EAST HAVEN,99,92,85,164,197,208,212,220,237,242,255,257,249,265,280,277,276,275,273,272,271,270,270,271,269,273,276,281,285,289,292,293,296,298,301,303,304,302,302,300,294,297,296,292,290,290,287,289,285,288,291,296,299,296
507,GRANBY,69,76,74,56,52,56,57,60,66,68,70,69,65,68,70,71,73,74,76,77,78,80,82,84,85,85,85,86,86,86,86,86,86,86,86,87,88,88,88,88,87,89,89,88,88,88,87,87,85,85,85,84,83,83
508,GUILDHALL,351,313,270,248,169,175,174,177,188,189,195,194,185,194,202,209,215,222,228,234,241,248,256,264,270,269,269,270,271,272,272,270,268,268,268,279,279,277,276,273,267,269,267,263,261,260,260,256,255,256,255,253,253,248
509,LEMINGTON,133,131,105,112,120,122,121,121,127,126,125,119,108,109,108,107,106,105,105,104,103,103,103,103,102,102,103,104,105,106,106,106,106,106,107,107,108,107,107,107,105,106,106,104,104,103,102,103,101,101,100,100,100,96
510,LUNENBURG,"1,400","1,374","1,299","1,237","1,061","1,089","1,082","1,094","1,154","1,155","1,174","1,146","1,074","1,110","1,138","1,138","1,139","1,142","1,144","1,146","1,150","1,155","1,164","1,175","1,176","1,192","1,207","1,230","1,249","1,268","1,285","1,291","1,301","1,315","1,328","1,319","1,328","1,325","1,326","1,323","1,302","1,321","1,319","1,306","1,302","1,299","1,287","1,286",1270,1281,1305,1332,1341,1326
511,MAIDSTONE,123,96,81,78,94,93,89,87,89,86,90,91,89,95,100,103,106,109,112,115,118,121,124,128,131,127,124,123,120,118,116,112,109,106,105,117,128,139,150,160,168,181,192,201,208,208,206,204,202,203,201,199,199,195
512,NORTON,339,314,279,241,207,207,200,196,201,196,197,191,177,181,184,181,180,178,176,175,173,172,171,171,169,174,178,184,189,194,199,202,206,210,214,204,202,198,194,190,183,182,178,172,169,169,165,164,160,160,159,161,161,158
513,VICTORY,80,104,49,46,42,43,42,42,44,43,47,48,48,52,56,55,54,54,53,52,52,51,51,51,50,56,60,65,70,75,80,84,89,93,97,92,90,86,83,79,75,72,69,65,62,62,61,61,60,60,62,63,64,63
514,AVERILL,9,12,20,16,8,9,9,10,11,11,12,13,13,14,15,14,13,12,12,11,10,9,9,8,7,7,7,7,7,8,8,8,8,8,8,10,12,13,15,17,18,20,21,23,24,24,24,24,23,24,24,25,25,25
515,AVERY'S GORE,0,0,0,0,0,0,0,0,0,0,0,0,0,0,0,0,0,0,0,0,0,0,0,0,0,0,0,0,0,0,0,0,0,0,0,0,0,0,0,0,0,0,0,0,0,0,0,0,0,0,0,0,0,0
516,FERDINAND,18,17,10,16,14,14,13,12,12,11,12,11,11,12,12,13,14,15,16,17,18,20,21,22,23,24,25,26,27,28,29,30,31,32,33,17,19,21,22,24,26,28,29,31,32,32,32,31,31,31,33,33,33,33
517,LEWIS,0,0,0,0,0,0,0,0,0,0,0,0,0,0,0,0,0,0,0,0,0,0,0,0,0,0,0,0,0,0,0,0,0,0,0,0,0,0,0,0,0,0,0,0,0,0,0,0,0,0,0,0,0,0
518,WARNER'S GRANT,0,0,0,0,0,0,0,0,0,0,0,0,0,0,0,0,0,0,0,0,0,0,0,0,0,0,0,0,0,0,0,0,0,0,0,0,0,0,0,0,0,0,0,0,0,0,0,0,0,0,0,0,0,0
519,WARREN'S GORE,5,0,1,0,0,0,0,0,0,0,0,0,0,0,0,0,0,1,1,1,1,1,2,2,2,3,4,4,5,6,7,8,8,9,10,14,13,12,11,10,8,7,6,5,4,4,4,4,4,4,4,4,4,4
601,BAKERSFIELD,889,827,779,664,635,656,685,707,716,740,756,777,793,815,852,862,872,883,894,904,917,931,947,966,977,"1,002","1,024","1,054","1,080","1,107","1,132","1,149","1,170","1,193","1,215","1,236","1,251","1,263","1,277","1,288","1,297","1,303","1,307","1,316","1,322","1,333","1,342","1,344",1351,1347,1340,1332,1342,1328
602,BERKSHIRE,"1,234","1,156","1,063",965,931,944,969,984,980,998,"1,013","1,035","1,049","1,073","1,116","1,120","1,125","1,131","1,136","1,142","1,149","1,158","1,171","1,185","1,190","1,210","1,229","1,256","1,279","1,302","1,324","1,335","1,351","1,370","1,388","1,426","1,463","1,496","1,531","1,563","1,593","1,619","1,642","1,671","1,692","1,706","1,710","1,698",1716,1708,1711,1728,1762,1753
603,ENOSBURGH,"2,093","2,082","2,101","1,966","1,918","1,949","2,003","2,039","2,034","2,075","2,057","2,053","2,035","2,035","2,070","2,113","2,150","2,191","2,232","2,274","2,319","2,369","2,427","2,490","2,535","2,559","2,583","2,624","2,657","2,690","2,719","2,725","2,741","2,764","2,788","2,815","2,823","2,824","2,828","2,826","2,821","2,809","2,793","2,786","2,781","2,800","2,770","2,745",2754,2743,2737,2742,2771,2782
604,FAIRFAX,"1,249","1,229","1,129","1,244","1,366","1,413","1,477","1,528","1,548","1,602","1,629","1,667","1,693","1,733","1,805","1,872","1,929","1,989","2,051","2,113","2,180","2,252","2,332","2,417","2,486","2,605","2,701","2,816","2,926","3,037","3,146","3,231","3,328","3,434","3,527","3,653","3,741","3,820","3,904","3,980","4,052","4,112","4,166","4,234","4,285","4,319","4,398","4,433",4524,4578,4632,4669,4770,4803
605,FAIRFIELD,"1,541","1,444","1,428","1,225","1,285","1,299","1,328","1,346","1,336","1,356","1,372","1,397","1,413","1,440","1,493","1,508","1,522","1,538","1,554","1,570","1,588","1,609","1,635","1,664","1,680","1,690","1,702","1,725","1,742","1,759","1,773","1,773","1,779","1,788","1,800","1,798","1,816","1,830","1,846","1,858","1,869","1,873","1,876","1,884","1,891","1,912","1,920","1,911",1911,1913,1917,1919,1934,1953
606,FLETCHER,667,549,485,399,456,470,490,505,510,526,542,561,576,595,626,658,684,712,741,770,801,834,870,909,941,966,989,"1,017","1,044","1,071","1,096","1,113","1,134","1,157","1,179","1,184","1,200","1,213","1,227","1,239","1,249","1,256","1,261","1,270","1,277","1,288","1,295","1,303",1314,1317,1324,1334,1339,1341
607,FRANKLIN,"1,001","1,021",878,796,821,848,884,913,923,953,956,965,967,978,"1,006","1,009","1,013","1,018","1,023","1,027","1,033","1,041","1,052","1,064","1,068","1,089","1,107","1,134","1,157","1,180","1,202","1,214","1,230","1,250","1,268","1,296","1,314","1,328","1,344","1,359","1,371","1,379","1,385","1,396","1,405","1,416","1,417","1,416",1424,1421,1417,1413,1434,1425
608,GEORGIA,"1,090","1,008","1,055","1,079","1,711","1,794","1,898","1,986","2,033","2,125","2,245","2,379","2,495","2,632","2,818","2,908","2,986","3,069","3,153","3,238","3,330","3,429","3,540","3,659","3,753","3,817","3,875","3,960","4,033","4,107","4,175","4,209","4,258","4,318","4,375","4,361","4,397","4,422","4,453","4,474","4,490","4,494","4,493","4,505","4,515","4,550","4,602","4,635",4684,4711,4736,4721,4771,4780
609,HIGHGATE,"1,574","1,647","1,681","1,608","1,936","1,985","2,057","2,111","2,123","2,182","2,225","2,284","2,326","2,388","2,493","2,541","2,583","2,629","2,676","2,723","2,774","2,831","2,898","2,970","3,020","3,057","3,092","3,149","3,195","3,242","3,284","3,299","3,326","3,361","3,397","3,417","3,445","3,464","3,488","3,505","3,517","3,519","3,518","3,527","3,535","3,561","3,568","3,570",3608,3629,3635,3654,3673,3662
610,MONTGOMERY,"1,386","1,208","1,091",876,651,654,665,669,660,667,664,666,663,666,681,694,705,718,730,743,757,772,790,809,823,840,856,878,897,917,935,945,960,976,992,"1,016","1,042","1,064","1,089","1,111","1,132","1,150","1,166","1,186","1,201","1,210","1,197","1,196",1195,1195,1197,1200,1206,1201
611,RICHFORD,"2,544","2,646","2,643","2,316","2,116","2,131","2,171","2,190","2,166","2,191","2,176","2,176","2,161","2,164","2,206","2,195","2,189","2,185","2,180","2,175","2,172","2,173","2,179","2,187","2,178","2,191","2,205","2,233","2,254","2,275","2,292","2,290","2,296","2,307","2,321","2,332","2,339","2,339","2,344","2,343","2,340","2,329","2,317","2,312","2,308","2,326","2,322","2,310",2316,2305,2299,2301,2308,2296
612,SHELDON,"1,563","1,471","1,352","1,281","1,481","1,496","1,527","1,545","1,532","1,554","1,554","1,564","1,564","1,577","1,618","1,626","1,635","1,646","1,656","1,667","1,679","1,695","1,715","1,738","1,748","1,772","1,795","1,830","1,859","1,889","1,915","1,926","1,945","1,967","1,990","2,026","2,053","2,076","2,101","2,122","2,140","2,152","2,161","2,177","2,190","2,200","2,207","2,208",2230,2226,2232,2232,2230,2222
613,ST. ALBANS TOWN,"1,691","1,733","1,908","2,303","3,270","3,311","3,390","3,438","3,418","3,475","3,462","3,473","3,460","3,477","3,555","3,657","3,746","3,839","3,935","4,032","4,135","4,250","4,379","4,525","4,606","4,674","4,742","4,842","4,927","5,014","5,093","5,131","5,188","5,257","5,324","5,675","5,735","5,780","5,835","5,876","5,913","5,932","5,946","5,975","5,999","6,044","6,136","6,233",6313,6401,6432,6442,6492,6501
614,ST. ALBANS CITY,"8,020","8,037","8,552","8,806","8,082","8,055","8,119","8,108","7,938","7,948","7,756","7,619","7,429","7,306","7,308","7,284","7,274","7,270","7,263","7,256","7,260","7,270","7,301","7,332","7,339","7,360","7,392","7,472","7,525","7,578","7,618","7,595","7,598","7,617","7,650","7,414","7,388","7,343","7,307","7,255","7,197","7,117","7,029","6,965","6,918","6,971","6,894","6,876",6860,6818,6792,6795,6813,6801
615,SWANTON,"3,433","3,543","3,740","3,946","4,622","4,670","4,772","4,831","4,794","4,864","4,879","4,927","4,940","4,996","5,141","5,176","5,211","5,252","5,293","5,334","5,383","5,440","5,514","5,596","5,636","5,690","5,744","5,836","5,909","5,983","6,048","6,062","6,099","6,149","6,203","6,251","6,298","6,328","6,368","6,393","6,411","6,411","6,402","6,416","6,427","6,477","6,436","6,416",6442,6487,6514,6543,6576,6554
701,ALBURGH,"1,609","1,623","1,402","1,123","1,271","1,258","1,306","1,318","1,330","1,322","1,279","1,311","1,267","1,300","1,352","1,348","1,347","1,347","1,347","1,346","1,347","1,350","1,357","1,365","1,362","1,426","1,480","1,545","1,606","1,670","1,732","1,780","1,837","1,899","1,952","1,987","2,015","2,044","2,065","2,073","2,045","2,042","2,062","2,011","1,998","1,986","2,004","2,006",2008,1972,2012,2053,2079,2132
702,GRAND ISLE,857,791,735,624,809,827,884,918,952,972,987,"1,060","1,070","1,144","1,238","1,277","1,311","1,346","1,382","1,419","1,459","1,502","1,549","1,602","1,642","1,678","1,709","1,752","1,788","1,825","1,859","1,877","1,901","1,929","1,955","2,008","2,042","2,077","2,105","2,118","2,095","2,098","2,123","2,076","2,067","2,055","2,069","2,073",2081,2041,2046,2057,2092,2136
703,ISLE LA MOTTE,352,335,295,238,262,267,284,294,305,310,315,337,340,364,393,393,394,395,396,397,399,401,404,408,408,417,425,436,445,454,463,468,474,481,488,494,498,502,504,503,493,489,491,476,471,469,473,472,473,464,473,483,489,498
704,NORTH HERO,485,442,407,328,364,363,379,385,391,391,386,404,399,417,442,447,451,457,462,467,473,480,488,497,502,535,562,594,626,658,690,718,749,782,810,819,828,838,844,845,831,827,833,810,803,798,803,804,805,793,791,794,802,814
705,SOUTH HERO,641,611,567,614,868,886,947,983,"1,019","1,039","1,029","1,080","1,067","1,119","1,188","1,207","1,224","1,243","1,262","1,281","1,302","1,326","1,354","1,384","1,404","1,436","1,465","1,504","1,538","1,572","1,603","1,621","1,644","1,671","1,696","1,712","1,725","1,740","1,747","1,743","1,709","1,696","1,702","1,649","1,631","1,623","1,634","1,632",1627,1591,1597,1611,1628,1655
801,BELVIDERE,258,220,207,155,189,194,202,218,221,224,223,221,221,222,218,218,219,220,220,221,222,223,225,228,228,235,242,249,256,264,271,276,282,288,294,302,307,312,314,317,323,329,335,341,348,351,354,354,355,356,364,363,362,365
802,CAMBRIDGE,"1,402","1,383","1,435","1,295","1,528","1,576","1,646","1,783","1,813","1,846","1,879","1,913","1,953","2,013","2,019","2,081","2,135","2,192","2,249","2,308","2,372","2,441","2,518","2,601","2,667","2,721","2,770","2,838","2,897","2,957","3,014","3,045","3,088","3,139","3,186","3,248","3,292","3,329","3,345","3,369","3,430","3,477","3,535","3,595","3,659","3,695","3,726","3,748",3748,3769,3837,3838,3828,3844
803,EDEN,568,498,496,430,513,523,540,578,582,587,591,596,603,616,612,634,653,673,694,714,737,761,788,817,840,874,902,938,971,"1,005","1,037","1,062","1,092","1,124","1,152","1,174","1,189","1,203","1,209","1,218","1,240","1,257","1,278","1,300","1,323","1,336","1,345","1,343",1348,1353,1376,1375,1371,1370
804,ELMORE,382,300,312,237,292,294,300,317,316,315,336,357,380,406,421,436,448,462,475,489,504,520,538,557,573,603,628,658,687,716,745,769,795,824,849,849,849,848,840,835,840,841,844,848,855,863,871,876,872,881,877,868,864,863
805,HYDE PARK,"1,165","1,178","1,291","1,219","1,347","1,398","1,468","1,599","1,633","1,671","1,740","1,809","1,885","1,980","2,021","2,049","2,074","2,102","2,130","2,158","2,190","2,225","2,268","2,314","2,344","2,396","2,443","2,507","2,564","2,622","2,676","2,708","2,751","2,800","2,847","2,867","2,874","2,877","2,859","2,850","2,872","2,883","2,901","2,924","2,954","2,981","3,037","3,034",3040,3068,3028,2989,2959,2961
806,JOHNSON,"1,378","1,420","1,527","1,478","1,927","1,987","2,076","2,248","2,286","2,328","2,376","2,425","2,484","2,567","2,581","2,634","2,680","2,730","2,781","2,832","2,889","2,950","3,022","3,100","3,156","3,165","3,179","3,213","3,235","3,256","3,272","3,259","3,258","3,263","3,274","3,297","3,309","3,318","3,306","3,307","3,335","3,354","3,379","3,410","3,446","3,472","3,495","3,500",3511,3526,3572,3614,3655,3633
807,MORRISTOWN,"2,939","3,130","3,225","3,347","4,052","4,103","4,212","4,487","4,490","4,503","4,485","4,471","4,475","4,522","4,448","4,464","4,483","4,505","4,530","4,551","4,577","4,613","4,661","4,714","4,733","4,772","4,813","4,885","4,940","4,995","5,042","5,047","5,069","5,101","5,139","5,152","5,154","5,148","5,109","5,086","5,116","5,126","5,150","5,179","5,227","5,277","5,335","5,392",5389,5415,5440,5422,5438,5501
808,STOWE,"1,654","1,741","1,720","1,901","2,388","2,465","2,576","2,792","2,841","2,894","2,910","2,928","2,956","3,014","2,991","3,028","3,063","3,101","3,139","3,178","3,221","3,269","3,328","3,393","3,433","3,529","3,613","3,722","3,821","3,923","4,020","4,085","4,165","4,256","4,339","4,331","4,324","4,311","4,268","4,238","4,254","4,256","4,266","4,282","4,314","4,356","4,390","4,410",4411,4448,4423,4472,4437,4431
809,WATERVILLE,370,386,409,332,397,401,411,437,436,437,443,449,458,470,470,475,480,485,490,496,502,509,517,527,532,550,565,584,602,620,637,650,665,682,697,681,679,677,669,664,666,665,667,668,673,679,685,688,687,691,701,706,704,706
810,WOLCOTT,831,772,766,633,676,719,772,858,893,928,939,950,964,989,986,"1,009","1,028","1,050","1,071","1,093","1,117","1,143","1,173","1,205","1,229","1,253","1,274","1,305","1,331","1,357","1,382","1,395","1,414","1,436","1,456","1,477","1,498","1,516","1,525","1,537","1,566","1,590","1,616","1,646","1,676","1,691","1,720","1,722",1721,1728,1715,1690,1682,1688
901,BRADFORD,"1,235","1,507","1,551","1,619","1,627","1,679","1,736","1,804","1,810","1,890","1,944","2,010","2,052","2,109","2,191","2,219","2,244","2,273","2,301","2,330","2,363","2,399","2,444","2,492","2,522","2,527","2,536","2,562","2,579","2,596","2,609","2,600","2,601","2,607","2,619","2,669","2,685","2,715","2,738","2,752","2,783","2,782","2,785","2,791","2,797","2,804","2,782","2,775",2765,2766,2722,2709,2711,2701
902,BRAINTREE,635,648,626,536,751,807,865,929,961,"1,031","1,035","1,045","1,042","1,048","1,065","1,073","1,081","1,090","1,099","1,108","1,119","1,131","1,147","1,165","1,174","1,174","1,176","1,185","1,191","1,196","1,200","1,193","1,190","1,191","1,194","1,213","1,217","1,228","1,236","1,239","1,250","1,247","1,246","1,245","1,246","1,249","1,236","1,236",1231,1228,1208,1206,1201,1195
903,BROOKFIELD,761,808,762,597,606,633,663,696,706,744,785,830,865,907,959,970,979,991,"1,002","1,013","1,026","1,040","1,058","1,077","1,089","1,102","1,114","1,134","1,151","1,167","1,182","1,187","1,197","1,209","1,222","1,234","1,242","1,255","1,266","1,273","1,286","1,285","1,287","1,289","1,292","1,296","1,295","1,297",1289,1288,1313,1326,1334,1341
904,CHELSEA,"1,004","1,013","1,025",957,983,994,"1,009","1,029","1,014","1,041","1,048","1,061","1,061","1,070","1,091","1,095","1,100","1,106","1,112","1,118","1,125","1,134","1,147","1,161","1,166","1,173","1,181","1,197","1,208","1,220","1,230","1,230","1,234","1,241","1,250","1,255","1,254","1,259","1,260","1,259","1,263","1,255","1,248","1,241","1,238","1,240","1,241","1,245",1245,1242,1266,1281,1288,1291
905,CORINTH,817,822,786,775,683,708,735,766,772,808,825,847,858,876,904,937,966,996,"1,027","1,058","1,091","1,127","1,167","1,210","1,244","1,266","1,287","1,316","1,341","1,367","1,390","1,403","1,420","1,441","1,461","1,469","1,458","1,454","1,447","1,435","1,431","1,411","1,394","1,378","1,367","1,370","1,370","1,370",1366,1368,1393,1415,1419,1425
906,FAIRLEE,456,535,571,569,604,623,643,667,669,698,710,727,734,748,770,779,788,798,808,817,828,841,856,873,883,891,899,913,924,935,944,946,951,959,967,980,981,986,989,988,992,986,982,979,977,979,980,983,987,997,985,983,980,980
907,NEWBURY,"1,744","1,723","1,667","1,452","1,440","1,486","1,537","1,597","1,603","1,674","1,674","1,684","1,674","1,677","1,699","1,724","1,746","1,771","1,796","1,821","1,849","1,880","1,918","1,958","1,985","1,976","1,973","1,983","1,986","1,989","1,988","1,971","1,961","1,955","1,955","2,064","2,082","2,111","2,135","2,154","2,183","2,188","2,197","2,207","2,216","2,222","2,212","2,211",2202,2200,2175,2166,2160,2151
908,ORANGE,508,482,410,430,540,570,601,636,649,689,699,714,720,732,752,767,780,794,809,823,839,857,877,899,915,918,923,934,942,949,955,954,956,959,965,990,"1,000","1,015","1,028","1,037","1,052","1,056","1,061","1,067","1,072","1,075","1,075","1,074",1073,1071,1094,1101,1105,1113
909,RANDOLPH,"3,166","3,278","3,499","3,414","3,882","3,936","4,003","4,092","4,044","4,161","4,253","4,372","4,437","4,537","4,689","4,680","4,680","4,683","4,684","4,687","4,695","4,708","4,735","4,768","4,764","4,762","4,771","4,811","4,833","4,856","4,871","4,845","4,837","4,839","4,853","4,894","4,882","4,894","4,894","4,881","4,891","4,857","4,825","4,797","4,778","4,788","4,762","4,756",4755,4786,4721,4693,4686,4584
910,STRAFFORD,615,598,680,548,536,563,591,623,633,670,680,694,700,711,731,747,761,776,791,806,823,841,862,885,902,917,931,950,967,984,"1,000","1,008","1,019","1,032","1,045","1,067","1,071","1,080","1,088","1,091","1,101","1,098","1,097","1,097","1,098","1,101","1,102","1,102",1107,1106,1088,1079,1075,1066
911,THETFORD,"1,052","1,043","1,046","1,049","1,422","1,482","1,547","1,621","1,640","1,725","1,812","1,910","1,985","2,074","2,188","2,207","2,226","2,247","2,268","2,289","2,313","2,342","2,377","2,417","2,438","2,454","2,470","2,504","2,529","2,554","2,575","2,575","2,584","2,599","2,617","2,658","2,651","2,658","2,658","2,650","2,656","2,633","2,615","2,598","2,588","2,594","2,600","2,594",2591,2601,2578,2561,2550,2531
912,TOPSHAM,720,707,733,638,686,707,730,757,759,791,784,782,770,764,767,783,798,813,829,845,862,881,903,927,944,965,984,"1,009","1,032","1,055","1,076","1,088","1,105","1,124","1,142","1,181","1,181","1,187","1,190","1,188","1,194","1,186","1,181","1,176","1,173","1,176","1,174","1,174",1171,1171,1195,1205,1211,1214
913,TUNBRIDGE,903,882,774,743,791,806,824,846,840,869,877,891,894,904,925,946,965,985,"1,005","1,026","1,048","1,073","1,101","1,132","1,154","1,169","1,184","1,207","1,226","1,245","1,262","1,269","1,280","1,295","1,309","1,313","1,310","1,314","1,315","1,312","1,316","1,305","1,296","1,289","1,284","1,287","1,288","1,288",1286,1285,1309,1324,1330,1334
914,VERSHIRE,368,367,284,236,299,314,330,349,355,376,388,402,412,424,442,453,463,473,484,494,506,518,533,548,560,567,574,584,592,601,609,611,617,623,629,657,665,677,688,696,708,713,719,725,730,731,723,725,722,722,737,741,743,746
915,WASHINGTON,697,730,650,565,667,698,731,769,780,823,827,836,835,840,855,861,867,873,880,887,895,905,917,930,937,948,958,975,989,"1,003","1,015","1,019","1,027","1,037","1,047","1,056","1,054","1,058","1,060","1,058","1,062","1,054","1,047","1,042","1,039","1,042","1,031","1,035",1029,1035,1021,1018,1016,1010
916,WEST FAIRLEE,405,428,363,333,337,351,367,385,389,410,412,417,416,419,427,448,465,483,502,521,541,563,587,612,633,642,651,664,675,686,697,701,708,717,726,708,702,699,695,688,686,675,666,658,652,654,659,660,657,655,668,675,678,680
917,WILLIAMSTOWN,"1,608","1,477","1,600","1,553","1,822","1,891","1,965","2,051","2,068","2,168","2,184","2,214","2,217","2,238","2,284","2,336","2,381","2,429","2,478","2,528","2,583","2,642","2,711","2,785","2,839","2,878","2,914","2,971","3,017","3,065","3,107","3,125","3,153","3,189","3,225","3,288","3,300","3,331","3,353","3,365","3,395","3,388","3,386","3,386","3,389","3,398","3,394","3,390",3383,3378,3446,3491,3512,3530
1001,ALBANY,810,748,704,560,528,549,572,595,611,633,657,669,687,708,705,711,717,724,730,737,744,753,764,776,782,787,793,804,812,820,827,827,830,835,840,841,852,873,887,901,909,921,928,935,941,937,932,930,920,912,907,912,911,914
1002,BARTON,"3,469","3,371","3,298","3,066","2,874","2,890","2,917","2,945","2,938","2,958","3,007","3,001","3,022","3,057","2,990","2,974","2,966","2,961","2,955","2,949","2,948","2,950","2,961","2,976","2,967","2,938","2,920","2,922","2,912","2,902","2,886","2,846","2,816","2,792","2,780","2,783","2,787","2,819","2,829","2,839","2,834","2,839","2,825","2,815","2,810","2,805","2,753","2,728",2702,2674,2574,2540,2518,2498
1003,BROWNINGTON,697,689,673,599,522,537,554,572,583,599,630,649,674,703,708,705,703,702,701,700,699,700,703,707,705,725,742,764,784,804,823,836,852,869,885,911,920,939,950,962,967,977,980,984,988,986,979,977,969,961,953,959,960,965
1004,CHARLESTON,895,834,764,668,654,684,718,751,776,808,828,833,846,863,851,847,844,843,841,839,839,839,842,847,844,848,853,863,871,878,884,883,885,889,895,916,928,951,965,980,989,"1,002","1,009","1,016","1,023","1,021","1,014","1,013",1001,997,996,993,992,996
1005,COVENTRY,610,549,497,458,492,505,519,534,543,556,588,610,637,667,674,687,698,710,722,734,746,761,777,795,806,828,848,873,896,920,942,956,975,995,"1,014","1,018","1,026","1,045","1,056","1,066","1,070","1,079","1,080","1,083","1,086","1,084","1,077","1,074",1059,1049,1048,1051,1051,1054
1006,CRAFTSBURY,976,875,709,674,632,653,676,699,714,736,769,787,813,843,844,858,871,884,898,911,926,942,961,981,994,"1,009","1,022","1,042","1,059","1,077","1,092","1,099","1,110","1,123","1,136","1,123","1,133","1,154","1,166","1,178","1,183","1,194","1,197","1,202","1,206","1,204","1,195","1,196",1179,1168,1173,1177,1180,1176
1007,DERBY,"2,165","2,118","2,245","2,506","3,252","3,353","3,467","3,583","3,656","3,762","3,910","3,987","4,100","4,232","4,222","4,234","4,250","4,270","4,290","4,309","4,335","4,367","4,412","4,464","4,479","4,483","4,495","4,536","4,562","4,588","4,605","4,585","4,582","4,588","4,604","4,643","4,642","4,689","4,698","4,708","4,687","4,690","4,659","4,635","4,621","4,612","4,562","4,544",4502,4464,4322,4289,4266,4246
1008,GLOVER,860,788,727,683,649,668,690,712,726,746,777,793,817,844,843,837,833,830,826,823,821,820,822,824,820,835,849,869,886,903,919,927,939,953,966,993,"1,008","1,033","1,050","1,068","1,079","1,096","1,104","1,114","1,122","1,119","1,113","1,111",1099,1089,1086,1095,1095,1099
1009,GREENSBORO,831,768,737,600,593,605,619,633,640,652,667,669,677,689,677,679,681,684,687,690,694,699,707,715,717,721,726,736,743,751,757,757,760,764,770,762,762,769,772,774,771,771,768,764,762,760,754,752,746,742,721,710,706,699
1010,HOLLAND,580,533,406,376,383,395,408,421,429,441,454,459,467,478,473,465,459,454,449,443,439,434,431,429,423,441,457,475,493,511,528,542,557,573,588,600,604,614,619,624,625,628,628,628,629,628,624,622,617,610,608,613,613,614
1011,IRASBURG,924,852,711,711,775,793,813,834,844,863,877,875,880,890,870,871,872,875,878,880,884,889,897,905,907,925,941,963,983,"1,002","1,021","1,031","1,045","1,061","1,077","1,087","1,096","1,117","1,129","1,140","1,145","1,154","1,156","1,160","1,163","1,160","1,153","1,150",1138,1127,1125,1129,1129,1139
1012,JAY,274,230,243,197,182,186,190,195,197,201,224,244,266,289,302,310,317,324,331,339,346,355,364,374,381,385,389,396,402,408,413,414,417,422,426,445,454,467,477,488,495,504,510,516,521,520,539,550,552,560,561,577,572,567
1013,LOWELL,725,615,643,617,515,527,540,554,561,573,582,579,582,587,573,573,574,575,577,578,580,583,588,593,594,610,623,641,657,673,689,699,711,725,738,765,779,800,816,831,840,855,862,872,879,877,871,869,861,852,827,810,803,797
1014,MORGAN,363,335,296,260,286,304,322,341,356,375,397,413,432,454,460,462,465,468,471,474,478,482,488,494,497,516,532,552,570,589,607,621,636,654,669,674,683,699,709,720,726,735,739,745,749,748,746,745,742,739,715,710,708,704
1015,NEWPORT CITY,"5,094","4,902","5,217","5,019","4,664","4,664","4,680","4,698","4,660","4,666","4,751","4,750","4,791","4,854","4,756","4,696","4,657","4,622","4,585","4,548","4,518","4,496","4,483","4,477","4,434","4,490","4,544","4,628","4,698","4,768","4,832","4,856","4,898","4,951","5,005","4,964","4,921","4,925","4,893","4,860","4,798","4,761","4,695","4,632","4,589","4,579","4,530","4,520",4473,4442,4328,4288,4255,4257
1016,NEWPORT TOWN,"1,193","1,064",966,"1,010","1,125","1,159","1,197","1,236","1,260","1,296","1,319","1,319","1,330","1,347","1,319","1,319","1,321","1,324","1,327","1,330","1,335","1,342","1,353","1,365","1,367","1,381","1,395","1,418","1,436","1,454","1,471","1,475","1,484","1,498","1,511","1,525","1,533","1,558","1,569","1,582","1,584","1,593","1,592","1,592","1,594","1,590","1,751","1,869",2034,2248,2540,2637,2799,2957
1017,TROY,"1,898","1,869","1,786","1,613","1,457","1,464","1,476","1,489","1,484","1,493","1,516","1,510","1,519","1,534","1,498","1,505","1,512","1,521","1,530","1,539","1,550","1,563","1,581","1,602","1,609","1,600","1,596","1,602","1,602","1,602","1,600","1,584","1,573","1,566","1,564","1,568","1,580","1,607","1,622","1,637","1,642","1,654","1,656","1,658","1,662","1,659","1,642","1,645",1622,1608,1551,1531,1531,1541
1018,WESTFIELD,448,354,358,347,375,379,384,390,390,395,405,408,415,424,418,417,416,416,416,416,416,417,420,423,422,430,438,449,458,467,476,481,488,496,503,513,515,524,528,531,533,536,536,536,536,535,527,529,524,518,500,498,498,497
1019,WESTMORE,224,224,210,179,195,202,210,218,223,230,239,243,250,258,257,262,266,270,274,279,283,288,294,301,305,304,304,307,308,309,309,307,306,305,306,312,317,325,329,335,338,343,345,347,350,349,347,345,342,340,328,322,320,317
1101,BENSON,636,572,573,549,583,614,634,647,653,671,688,703,720,733,739,748,757,766,775,785,795,807,822,838,847,868,888,912,934,956,977,989,"1,005","1,023","1,039","1,038","1,040","1,048","1,050","1,056","1,059","1,059","1,060","1,057","1,056","1,049","1,049","1,044",1037,1028,1020,1022,1015,1002
1102,BRANDON,"2,891","2,979","3,304","3,329","3,697","3,806","3,844","3,837","3,795","3,825","3,919","3,999","4,094","4,161","4,194","4,179","4,173","4,171","4,169","4,166","4,170","4,179","4,201","4,228","4,223","4,174","4,144","4,140","4,122","4,102","4,076","4,016","3,971","3,934","3,917","3,920","3,929","3,956","3,957","3,976","3,980","3,981","3,982","3,972","3,966","3,943","3,919","3,899",3860,3828,3804,3790,3768,3735
1103,CASTLETON,"1,794","1,601","1,748","1,902","2,837","2,983","3,074","3,129","3,155","3,238","3,335","3,420","3,518","3,592","3,637","3,695","3,746","3,803","3,859","3,916","3,979","4,048","4,131","4,220","4,278","4,278","4,286","4,323","4,344","4,366","4,380","4,357","4,351","4,354","4,367","4,397","4,426","4,472","4,542","4,581","4,646","4,668","4,696","4,708","4,717","4,695","4,665","4,648",4612,4595,4554,4609,4529,4512
1104,CHITTENDEN,341,379,424,460,646,688,718,740,754,781,815,845,879,907,927,943,957,973,988,"1,004","1,021","1,040","1,062","1,086","1,102","1,109","1,117","1,132","1,143","1,155","1,164","1,164","1,168","1,174","1,182","1,201","1,209","1,222","1,227","1,238","1,244","1,249","1,254","1,256","1,258","1,250","1,241","1,236",1237,1231,1219,1201,1190,1181
1105,CLARENDON,883,868,"1,102","1,091","1,537","1,664","1,762","1,839","1,897","1,989","2,076","2,156","2,245","2,318","2,372","2,415","2,453","2,494","2,535","2,576","2,621","2,671","2,730","2,793","2,835","2,824","2,822","2,838","2,843","2,849","2,850","2,827","2,815","2,808","2,811","2,795","2,772","2,761","2,733","2,716","2,690","2,661","2,632","2,597","2,571","2,557","2,543","2,522",2504,2489,2462,2450,2432,2413
1106,DANBY,"1,070","1,112",990,891,910,939,951,951,942,952,965,974,987,994,992,"1,011","1,027","1,045","1,063","1,081","1,101","1,122","1,147","1,175","1,193","1,203","1,212","1,230","1,243","1,257","1,268","1,269","1,275","1,283","1,292","1,289","1,293","1,302","1,304","1,311","1,313","1,314","1,315","1,312","1,311","1,301","1,300","1,294",1287,1286,1300,1310,1311,1312
1107,FAIR HAVEN,"2,614","2,245","2,286","2,378","2,777","2,845","2,860","2,841","2,797","2,805","2,822","2,829","2,847","2,844","2,819","2,814","2,815","2,818","2,821","2,824","2,831","2,842","2,862","2,886","2,887","2,885","2,888","2,911","2,924","2,936","2,944","2,927","2,921","2,921","2,928","2,901","2,884","2,880","2,860","2,850","2,831","2,808","2,785","2,755","2,734","2,718","2,693","2,673",2650,2633,2594,2593,2573,2555
1108,HUBBARDTON,307,346,332,238,228,249,266,279,290,306,344,382,421,458,490,498,505,512,520,527,536,545,556,568,576,596,613,634,654,673,692,705,720,737,752,736,734,734,730,729,725,721,717,710,706,702,698,698,693,690,683,675,672,665
1109,IRA,287,248,232,220,284,295,300,301,300,305,316,326,338,348,354,361,367,373,379,386,393,401,410,419,426,429,432,437,441,446,449,449,450,452,455,452,450,450,448,447,444,442,439,435,432,429,429,431,428,427,431,432,433,433
1110,MENDON,251,313,334,461,743,793,828,854,871,904,939,971,"1,007","1,036","1,056","1,051","1,048","1,046","1,044","1,042","1,041","1,042","1,046","1,052","1,049","1,044","1,042","1,047","1,048","1,049","1,048","1,038","1,032","1,029","1,028","1,018","1,023","1,034","1,038","1,046","1,050","1,054","1,057","1,058","1,059","1,052","1,051","1,050",1038,1033,1022,1013,1011,1011
1111,MIDDLETOWN SPRINGS,583,493,496,381,426,455,475,490,500,519,538,556,576,592,603,610,616,623,631,638,646,655,666,679,686,701,714,732,748,764,779,787,798,811,823,821,813,809,799,793,784,775,765,753,745,741,741,739,732,731,740,749,749,748
1112,MOUNT HOLLY,727,656,567,517,687,730,761,782,795,824,851,875,903,924,938,952,964,978,991,"1,005","1,020","1,037","1,057","1,079","1,093","1,109","1,123","1,145","1,163","1,181","1,198","1,204","1,215","1,228","1,241","1,244","1,244","1,250","1,248","1,252","1,251","1,248","1,246","1,241","1,237","1,229","1,229","1,229",1222,1221,1235,1243,1244,1244
1113,MOUNT TABOR,173,213,186,165,184,195,202,206,209,215,216,215,215,214,211,210,210,210,210,210,211,211,213,214,214,212,211,212,211,211,210,207,205,204,203,227,230,235,238,242,245,248,251,253,255,253,254,256,256,256,257,259,260,258
1114,PAWLET,"1,476","1,192","1,156","1,112","1,184","1,216","1,225","1,220","1,204","1,210","1,223","1,232","1,245","1,250","1,244","1,247","1,250","1,256","1,261","1,266","1,273","1,282","1,295","1,309","1,314","1,320","1,328","1,345","1,357","1,369","1,378","1,376","1,380","1,386","1,394","1,408","1,417","1,433","1,439","1,452","1,460","1,466","1,472","1,475","1,477","1,469","1,459","1,450",1438,1426,1408,1397,1386,1371
1115,PITTSFIELD,256,259,225,254,249,267,281,291,298,311,329,347,366,383,396,393,392,391,390,389,388,388,389,390,389,393,396,403,408,413,417,418,420,423,427,442,454,469,480,494,506,517,528,538,546,543,543,547,543,543,548,549,549,553
1116,PITTSFORD,"2,332","2,093","2,076","2,225","2,306","2,397","2,443","2,461","2,456","2,497","2,528","2,551","2,583","2,597","2,590","2,616","2,642","2,670","2,698","2,726","2,758","2,795","2,841","2,891","2,919","2,939","2,961","3,002","3,033","3,063","3,089","3,090","3,101","3,119","3,140","3,116","3,105","3,107","3,090","3,086","3,071","3,052","3,036","3,010","2,991","2,973","2,943","2,930",2898,2879,2848,2828,2807,2787
1117,POULTNEY,"3,215","2,781","2,936","3,009","3,217","3,287","3,295","3,264","3,205","3,206","3,220","3,223","3,238","3,230","3,196","3,217","3,238","3,263","3,288","3,312","3,342","3,377","3,423","3,474","3,498","3,505","3,518","3,554","3,578","3,602","3,620","3,608","3,608","3,617","3,633","3,510","3,496","3,496","3,510","3,504","3,513","3,494","3,478","3,451","3,432","3,414","3,387","3,366",3340,3315,3340,3339,3270,3253
1118,PROCTOR,"2,596","2,292","1,917","2,102","2,095","2,141","2,147","2,128","2,089","2,091","2,083","2,067","2,059","2,037","1,998","1,987","1,981","1,977","1,973","1,969","1,967","1,968","1,975","1,985","1,979","1,961","1,951","1,953","1,949","1,944","1,936","1,912","1,895","1,882","1,877","1,869","1,857","1,852","1,835","1,827","1,811","1,794","1,778","1,757","1,741","1,731","1,705","1,696",1677,1662,1638,1624,1611,1595
1119,RUTLAND CITY,"17,315","17,082","17,659","18,325","19,293","19,711","19,762","19,579","19,224","19,232","19,171","19,040","18,978","18,781","18,436","18,332","18,274","18,235","18,192","18,150","18,134","18,144","18,203","18,288","18,230","18,068","17,975","17,997","17,956","17,913","17,838","17,616","17,459","17,339","17,292","17,245","17,161","17,153","17,094","17,052","16,987","16,871","16,762","16,607","16,495","16,399","16,217","16,126",15942,15824,15601,15440,15325,15074
1120,RUTLAND TOWN,"1,387","1,350","1,416","1,542","2,248","2,420","2,550","2,649","2,722","2,843","2,949","3,046","3,154","3,240","3,300","3,341","3,378","3,420","3,462","3,503","3,551","3,604","3,668","3,739","3,781","3,803","3,827","3,878","3,915","3,952","3,982","3,980","3,992","4,012","4,038","4,068","4,068","4,088","4,086","4,097","4,097","4,090","4,083","4,067","4,054","4,032","4,040","4,052",4019,4017,4061,4076,4094,4114
1121,KILLINGTON,298,266,283,266,558,607,645,676,699,735,770,803,839,868,891,870,853,838,823,807,792,778,766,755,738,780,815,856,894,933,970,999,"1,031","1,066","1,095","1,034","1,009",988,963,940,915,888,861,833,811,806,802,804,795,790,782,771,763,756
1122,SHREWSBURY,540,537,464,445,570,613,646,671,689,719,752,783,817,845,866,890,910,932,954,976,999,"1,025","1,054","1,084","1,107","1,104","1,104","1,111","1,115","1,118","1,119","1,112","1,108","1,106","1,108","1,104","1,099","1,100","1,094","1,092","1,087","1,080","1,073","1,063","1,056","1,050","1,044","1,039",1033,1024,1012,998,996,983
1123,SUDBURY,361,321,263,249,253,265,272,276,278,285,305,325,346,364,380,394,406,418,431,443,456,470,486,503,516,523,530,540,548,556,564,567,571,577,583,590,587,587,583,581,578,573,570,564,560,557,553,551,548,549,543,542,543,540
1124,TINMOUTH,340,346,248,228,268,296,318,336,351,373,381,389,397,403,406,410,414,418,422,426,431,436,443,451,455,468,479,493,506,518,530,538,547,558,567,566,572,580,585,593,598,602,607,611,613,613,619,618,614,611,606,605,598,594
1125,WALLINGFORD,"1,564","1,450","1,482","1,439","1,676","1,730","1,752","1,754","1,739","1,757","1,794","1,824","1,860","1,884","1,893","1,918","1,941","1,966","1,992","2,017","2,046","2,078","2,116","2,158","2,184","2,189","2,198","2,221","2,236","2,252","2,264","2,257","2,258","2,264","2,274","2,242","2,225","2,219","2,199","2,187","2,168","2,146","2,125","2,099","2,079","2,066","2,055","2,051",2041,2026,2001,1988,1974,1951
1126,WELLS,515,420,487,419,560,591,612,626,633,652,688,722,759,790,815,821,828,835,842,850,858,868,881,895,902,926,948,975,"1,000","1,025","1,048","1,063","1,081","1,102","1,121","1,114","1,119","1,129","1,132","1,140","1,144","1,147","1,150","1,150","1,150","1,143","1,144","1,144",1137,1135,1147,1154,1155,1154
1127,WEST HAVEN,280,302,232,220,240,246,248,247,243,244,247,250,253,254,253,254,256,257,259,260,262,265,268,271,273,273,273,276,277,278,279,277,277,277,278,275,274,275,273,273,271,269,268,266,264,262,263,257,259,258,255,249,247,247
1128,WEST RUTLAND,"3,421","2,922","2,487","2,302","2,381","2,432","2,438","2,414","2,370","2,370","2,379","2,378","2,387","2,378","2,351","2,352","2,356","2,362","2,369","2,375","2,385","2,398","2,419","2,443","2,448","2,452","2,461","2,485","2,501","2,517","2,529","2,519","2,519","2,524","2,535","2,510","2,492","2,484","2,460","2,448","2,426","2,401","2,378","2,348","2,326","2,312","2,283","2,272",2246,2229,2199,2181,2167,2150
1201,BARRE TOWN,"4,280","4,052","4,145","4,580","6,509","6,615","6,722","6,809","6,890","6,852","6,874","6,990","7,049","7,067","7,090","7,097","7,113","7,136","7,161","7,183","7,214","7,261","7,328","7,406","7,411","7,415","7,433","7,499","7,540","7,581","7,609","7,574","7,567","7,576","7,602","7,696","7,757","7,778","7,805","7,855","7,872","7,862","7,872","7,892","7,924","7,937","7,933","7,908",7857,7815,7792,7723,7706,7720
1202,BARRE CITY,"11,307","10,909","10,922","10,387","10,209","10,248","10,289","10,297","10,294","10,116","10,020","10,060","10,018","9,917","9,824","9,740","9,687","9,644","9,599","9,552","9,522","9,501","9,508","9,526","9,482","9,434","9,415","9,457","9,466","9,474","9,465","9,378","9,325","9,292","9,291","9,308","9,318","9,282","9,254","9,251","9,211","9,141","9,095","9,059","9,052","9,066","8,967","8,927",8837,8746,8710,8659,8605,8528
1203,BERLIN,992,"1,111","1,158","1,306","2,050","2,101","2,154","2,199","2,243","2,248","2,281","2,345","2,390","2,421","2,454","2,456","2,461","2,468","2,475","2,483","2,494","2,508","2,530","2,556","2,561","2,591","2,620","2,666","2,704","2,742","2,776","2,787","2,809","2,836","2,864","2,850","2,866","2,867","2,872","2,884","2,885","2,878","2,876","2,880","2,887","2,886","2,871","2,850",2840,2815,2802,2807,2799,2781
1204,CABOT,"1,107",974,826,763,663,680,697,712,726,728,771,825,873,915,958,964,970,977,984,991,999,"1,009","1,022","1,037","1,043","1,060","1,077","1,100","1,120","1,140","1,159","1,168","1,181","1,197","1,213","1,248","1,275","1,295","1,317","1,342","1,362","1,377","1,395","1,415","1,433","1,434","1,452","1,452",1449,1428,1440,1437,1434,1433
1205,CALAIS,811,818,778,684,749,798,847,894,940,969,"1,013","1,071","1,121","1,164","1,207","1,238","1,265","1,294","1,322","1,351","1,381","1,414","1,452","1,492","1,521","1,518","1,518","1,529","1,534","1,539","1,542","1,532","1,527","1,526","1,529","1,534","1,549","1,557","1,565","1,578","1,585","1,586","1,591","1,598","1,607","1,610","1,601","1,602",1600,1596,1596,1597,1601,1604
1206,DUXBURY,553,554,489,546,621,633,646,657,667,665,705,755,798,838,877,885,892,901,909,917,927,938,952,968,976,"1,011","1,041","1,078","1,112","1,147","1,180","1,204","1,232","1,262","1,289","1,290","1,300","1,305","1,311","1,320","1,324","1,324","1,327","1,331","1,337","1,337","1,336","1,337",1337,1333,1325,1320,1312,1305
1207,EAST MONTPELIER,965,"1,025","1,128","1,200","1,597","1,675","1,754","1,828","1,900","1,940","1,985","2,058","2,115","2,160","2,205","2,199","2,198","2,199","2,199","2,200","2,204","2,211","2,224","2,240","2,239","2,273","2,306","2,354","2,394","2,435","2,472","2,489","2,515","2,547","2,578","2,610","2,618","2,612","2,608","2,612","2,605","2,590","2,580","2,575","2,576","2,580","2,602","2,599",2626,2602,2586,2576,2571,2551
1208,FAYSTON,318,284,172,158,292,318,344,369,394,412,460,513,564,610,657,676,692,710,727,744,763,782,805,829,846,879,907,942,974,"1,006","1,037","1,060","1,086","1,115","1,141","1,185","1,210","1,228","1,247","1,271","1,288","1,302","1,319","1,336","1,353","1,358","1,358","1,354",1347,1339,1340,1335,1337,1330
1209,MARSHFIELD,872,901,830,891,"1,033","1,071","1,109","1,144","1,178","1,191","1,202","1,229","1,246","1,256","1,267","1,269","1,272","1,277","1,282","1,286","1,293","1,301","1,313","1,327","1,331","1,347","1,363","1,388","1,408","1,429","1,447","1,454","1,465","1,480","1,496","1,535","1,548","1,554","1,560","1,570","1,575","1,574","1,576","1,581","1,588","1,583","1,567","1,555",1550,1535,1524,1501,1492,1473
1210,MIDDLESEX,751,817,887,770,857,899,942,982,"1,021","1,042","1,077","1,126","1,167","1,201","1,235","1,262","1,286","1,311","1,336","1,361","1,388","1,418","1,452","1,489","1,514","1,536","1,556","1,587","1,613","1,639","1,663","1,673","1,689","1,709","1,729","1,747","1,753","1,750","1,748","1,752","1,748","1,738","1,733","1,730","1,731","1,735","1,756","1,757",1756,1753,1747,1747,1738,1724
1211,MONTPELIER,"7,837","8,006","8,599","8,782","8,609","8,590","8,572","8,527","8,472","8,273","8,236","8,311","8,318","8,277","8,241","8,206","8,189","8,181","8,172","8,162","8,164","8,178","8,216","8,265","8,247","8,200","8,180","8,212","8,215","8,217","8,205","8,124","8,074","8,040","8,035","8,055","8,067","8,038","8,016","8,016","7,984","7,926","7,888","7,860","7,855","7,868","7,787","7,755",7671,7592,7535,7484,7436,7372
1212,MORETOWN,888,975,883,788,904,924,945,963,980,979,"1,024","1,083","1,133","1,177","1,221","1,238","1,254","1,271","1,288","1,305","1,324","1,345","1,371","1,398","1,415","1,440","1,463","1,495","1,523","1,551","1,577","1,590","1,609","1,632","1,653","1,668","1,675","1,672","1,671","1,675","1,672","1,663","1,659","1,656","1,658","1,661","1,666","1,665",1664,1660,1665,1667,1675,1665
1213,NORTHFIELD,"3,438","3,601","4,314","4,511","4,870","4,962","5,055","5,133","5,206","5,189","5,219","5,320","5,378","5,405","5,435","5,432","5,437","5,447","5,458","5,468","5,486","5,512","5,554","5,605","5,610","5,618","5,635","5,689","5,723","5,758","5,782","5,760","5,758","5,768","5,791","5,836","5,893","5,928","5,971","6,025","6,064","6,088","6,124","6,165","6,207","6,221","6,185","6,157",6114,6072,6042,6032,6015,6522
1214,PLAINFIELD,766,832,945,966,"1,399","1,394","1,389","1,380","1,369","1,335","1,313","1,309","1,293","1,271","1,249","1,250","1,252","1,256","1,259","1,263","1,268","1,276","1,287","1,299","1,302","1,297","1,295","1,302","1,304","1,307","1,306","1,296","1,289","1,286","1,286","1,284","1,285","1,279","1,274","1,274","1,267","1,257","1,250","1,245","1,243","1,252","1,257","1,259",1252,1254,1258,1260,1259,1262
1215,ROXBURY,594,554,465,364,354,356,359,360,361,356,374,397,417,434,452,464,475,486,497,508,520,533,548,564,575,574,574,578,579,581,582,578,576,575,576,608,621,630,640,651,659,666,674,683,691,692,693,691,687,680,699,706,708,709
1216,WAITSFIELD,723,706,661,658,837,894,952,"1,008","1,062","1,098","1,134","1,186","1,229","1,264","1,300","1,309","1,317","1,327","1,337","1,348","1,360","1,374","1,392","1,413","1,422","1,447","1,469","1,502","1,530","1,558","1,584","1,597","1,615","1,638","1,659","1,669","1,682","1,686","1,693","1,704","1,707","1,705","1,708","1,711","1,719","1,722","1,726","1,723",1723,1718,1718,1708,1707,1693
1217,WARREN,486,450,498,469,588,625,663,700,735,758,795,842,884,920,956,977,995,"1,015","1,034","1,054","1,075","1,098","1,124","1,153","1,172","1,230","1,279","1,337","1,391","1,446","1,500","1,541","1,588","1,638","1,681","1,686","1,696","1,697","1,700","1,707","1,707","1,701","1,700","1,701","1,705","1,707","1,704","1,713",1703,1692,1690,1682,1682,1671
1218,WATERBURY,"4,045","4,118","4,276","4,303","4,614","4,592","4,571","4,535","4,493","4,376","4,377","4,439","4,464","4,463","4,465","4,460","4,462","4,469","4,476","4,482","4,495","4,514","4,547","4,586","4,589","4,616","4,647","4,709","4,755","4,801","4,840","4,838","4,855","4,882","4,915","4,972","5,004","5,012","5,023","5,048","5,053","5,041","5,041","5,048","5,064","5,071","5,102","5,118",5098,5112,5136,5142,5151,5155
1219,WOODBURY,529,463,449,317,399,409,420,429,437,438,464,495,523,548,573,593,610,627,645,663,682,702,724,748,766,769,773,782,789,795,801,799,801,804,809,822,836,845,854,867,875,881,888,897,906,907,901,897,895,889,886,888,887,883
1220,WORCESTER,471,396,445,417,505,540,575,609,643,665,675,694,708,717,727,745,760,776,792,808,826,845,867,890,906,903,903,908,911,913,913,906,903,901,902,923,936,943,952,964,971,975,982,990,998,999,"1,001","1,000",992,981,1013,1019,1025,1028
1301,ATHENS,132,136,139,142,159,169,178,184,189,198,207,215,229,239,250,256,261,267,272,278,284,291,299,307,313,316,318,323,327,330,334,334,335,338,340,348,359,372,381,391,403,413,423,434,442,440,438,434,437,434,438,439,438,437
1302,BRATTLEBORO,"9,816","10,983","11,522","11,734","12,239","12,378","12,461","12,294","12,062","12,161","11,997","11,850","11,975","11,931","11,886","11,879","11,890","11,911","11,932","11,953","11,989","12,045","12,131","12,233","12,241","12,181","12,158","12,214","12,226","12,237","12,227","12,116","12,048","12,006","12,005","11,986","12,010","12,063","12,024","12,000","12,046","12,052","12,033","12,034","12,046","11,978","11,848","11,798",11765,11679,11607,11487,11471,11332
1303,BROOKLINE,101,104,132,127,180,198,215,228,239,257,265,273,288,299,310,319,327,335,343,352,361,371,382,394,403,410,416,425,433,440,447,451,455,462,467,480,487,494,498,502,510,515,520,525,530,527,526,528,524,520,526,529,528,530
1304,DOVER,278,244,252,370,555,584,611,625,636,663,658,653,664,665,666,699,727,757,787,817,849,883,921,961,994,"1,041","1,080","1,128","1,172","1,217","1,261","1,294","1,333","1,374","1,410","1,359","1,334","1,313","1,281","1,251","1,228","1,201","1,171","1,144","1,124","1,117","1,113","1,113",1108,1100,1083,1065,1064,1059
1305,DUMMERSTON,604,615,790,872,"1,295","1,329","1,358","1,359","1,353","1,383","1,409","1,435","1,495","1,535","1,574","1,600","1,623","1,648","1,673","1,699","1,727","1,759","1,796","1,837","1,863","1,864","1,869","1,886","1,897","1,907","1,915","1,906","1,905","1,908","1,915","1,893","1,893","1,897","1,886","1,878","1,881","1,877","1,870","1,865","1,864","1,854","1,840","1,833",1829,1818,1796,1777,1769,1744
1306,GRAFTON,453,393,422,426,465,485,503,512,517,536,544,554,576,590,604,601,600,600,599,598,598,598,601,604,602,606,610,619,625,632,637,637,640,644,649,655,659,664,664,665,670,673,674,677,679,674,674,672,670,663,673,677,678,675
1307,GUILFORD,663,686,796,823,"1,108","1,153","1,193","1,210","1,219","1,261","1,304","1,347","1,421","1,477","1,532","1,571","1,605","1,641","1,677","1,714","1,755","1,798","1,848","1,902","1,941","1,949","1,959","1,982","1,998","2,014","2,027","2,023","2,027","2,035","2,046","2,048","2,059","2,076","2,076","2,079","2,094","2,103","2,106","2,113","2,121","2,108","2,104","2,105",2093,2070,2107,2118,2118,2109
1308,HALIFAX,390,353,343,268,295,322,347,366,381,408,420,433,455,472,488,497,505,514,523,532,541,552,565,579,588,610,628,651,672,694,714,729,746,765,782,772,769,767,759,751,749,744,737,731,728,724,725,725,723,716,702,693,691,681
1309,JAMAICA,570,567,597,496,590,607,622,625,623,639,642,645,663,672,681,686,692,698,704,710,717,726,736,748,754,775,794,817,839,860,881,894,911,929,946,933,947,962,970,979,994,"1,005","1,015","1,026","1,035","1,029","1,027","1,028",1022,1011,1030,1031,1030,1028
1310,LONDONDERRY,799,859,953,898,"1,037","1,104","1,166","1,206","1,237","1,302","1,331","1,362","1,424","1,467","1,510","1,504","1,501","1,499","1,497","1,495","1,495","1,497","1,503","1,511","1,506","1,526","1,546","1,575","1,600","1,625","1,647","1,656","1,671","1,690","1,709","1,686","1,699","1,715","1,718","1,723","1,738","1,747","1,752","1,761","1,769","1,758","1,762","1,762",1756,1742,1712,1691,1677,1656
1311,MARLBORO,255,225,311,347,592,616,638,646,651,673,672,671,685,690,695,717,737,757,778,799,821,845,872,902,924,928,933,944,952,960,967,966,968,972,978,983,994,"1,008","1,015","1,024","1,039","1,049","1,059","1,069","1,078","1,074","1,069","1,066",1067,1062,1050,1042,1041,1039
1312,NEWFANE,662,672,708,714,900,929,954,959,959,986,"1,005","1,026","1,070","1,099","1,129","1,171","1,207","1,245","1,284","1,323","1,365","1,410","1,460","1,513","1,555","1,566","1,578","1,600","1,617","1,634","1,649","1,650","1,657","1,667","1,680","1,675","1,684","1,696","1,696","1,697","1,708","1,713","1,716","1,721","1,726","1,717","1,697","1,691",1684,1668,1645,1621,1608,1586
1313,PUTNEY,835,904,"1,019","1,177","1,727","1,782","1,829","1,840","1,839","1,889","1,865","1,842","1,863","1,856","1,850","1,898","1,939","1,984","2,029","2,074","2,124","2,177","2,238","2,304","2,352","2,379","2,406","2,449","2,484","2,520","2,551","2,562","2,582","2,607","2,634","2,622","2,633","2,652","2,651","2,654","2,672","2,680","2,686","2,694","2,702","2,689","2,700","2,683",2681,2669,2639,2621,2618,2456
1314,ROCKINGHAM,"5,302","5,737","5,499","5,704","5,501","5,582","5,638","5,581","5,493","5,556","5,503","5,457","5,536","5,537","5,538","5,511","5,496","5,486","5,476","5,464","5,460","5,462","5,480","5,504","5,484","5,449","5,432","5,451","5,449","5,447","5,436","5,379","5,342","5,316","5,309","5,329","5,331","5,347","5,320","5,302","5,313","5,309","5,291","5,282","5,282","5,255","5,190","5,156",5140,5118,5062,5047,5034,4981
1315,STRATTON,55,117,54,24,104,109,114,117,119,124,122,121,123,122,122,121,121,121,121,120,120,120,121,121,121,122,124,126,128,130,131,132,133,134,136,151,158,167,173,180,188,196,203,210,216,215,213,213,212,210,206,202,200,198
1316,TOWNSHEND,633,694,584,643,668,693,715,722,725,748,761,775,807,828,849,864,878,893,908,923,940,958,980,"1,003","1,019","1,032","1,044","1,063","1,079","1,096","1,110","1,115","1,125","1,137","1,149","1,132","1,145","1,161","1,168","1,177","1,192","1,203","1,212","1,222","1,232","1,224","1,223","1,225",1217,1205,1228,1247,1241,1239
1317,VERNON,609,559,712,865,"1,024","1,078","1,127","1,154","1,174","1,225","1,204","1,185","1,193","1,184","1,175","1,244","1,303","1,363","1,425","1,488","1,554","1,624","1,701","1,782","1,850","1,880","1,907","1,948","1,982","2,017","2,049","2,064","2,087","2,114","2,141","2,138","2,149","2,165","2,165","2,167","2,182","2,189","2,192","2,199","2,206","2,192","2,192","2,193",2184,2163,2198,2201,2200,2196
1318,WARDSBORO,355,401,377,322,391,403,413,414,413,424,436,449,472,488,505,519,532,545,558,572,587,602,620,640,654,676,695,719,741,763,784,799,817,837,854,847,854,864,867,870,879,885,889,895,900,895,890,892,886,877,861,853,846,834
1319,WESTMINSTER,"1,324","1,403","1,400","1,602","1,875","1,954","2,026","2,057","2,075","2,150","2,199","2,249","2,352","2,423","2,493","2,542","2,585","2,632","2,679","2,726","2,779","2,836","2,904","2,976","3,026","3,041","3,058","3,096","3,123","3,150","3,173","3,169","3,176","3,191","3,210","3,159","3,167","3,181","3,171","3,165","3,177","3,180","3,174","3,174","3,178","3,161","3,132","3,124",3111,3077,3034,3015,2998,2970
1320,WHITINGHAM,734,789,816,838,"1,011","1,033","1,050","1,047","1,037","1,056","1,044","1,033","1,046","1,045","1,043","1,054","1,064","1,075","1,087","1,098","1,111","1,126","1,145","1,166","1,177","1,188","1,200","1,219","1,235","1,251","1,264","1,268","1,276","1,286","1,298","1,274","1,285","1,300","1,305","1,311","1,324","1,334","1,340","1,349","1,357","1,350","1,350","1,346",1344,1335,1321,1302,1293,1277
1321,WILMINGTON,"1,171","1,221","1,169","1,245","1,586","1,632","1,672","1,677","1,673","1,715","1,718","1,723","1,768","1,788","1,808","1,819","1,830","1,843","1,856","1,869","1,885","1,904","1,928","1,956","1,968","1,994","2,019","2,057","2,088","2,120","2,148","2,159","2,178","2,202","2,225","2,179","2,148","2,122","2,079","2,039","2,011","1,976","1,937","1,901","1,876","1,865","1,853","1,850",1842,1833,1817,1806,1809,1796
1322,WINDHAM,254,183,146,135,174,182,190,193,196,203,205,208,215,219,223,225,227,230,232,234,237,240,244,249,251,260,267,276,284,293,301,307,314,321,328,344,353,363,370,378,388,396,404,412,419,417,416,417,416,413,407,402,401,396
1323,SOMERSET,0,0,0,0,0,0,0,0,0,0,0,0,0,0,2,2,2,2,2,2,2,2,2,2,2,2,3,3,3,4,4,4,4,5,5,5,5,4,4,4,4,4,3,3,3,3,3,3,3,3,3,3,3,3
1401,ANDOVER,258,213,185,215,239,249,256,263,270,276,291,305,324,339,350,351,353,354,356,358,360,363,367,371,373,387,398,413,426,440,453,462,473,485,496,482,482,482,480,478,475,473,470,468,467,467,471,475,477,479,478,473,473,471
1402,BALTIMORE,69,85,89,90,170,173,174,175,175,176,177,178,181,182,181,181,182,182,183,184,185,186,187,190,190,197,203,210,217,223,230,234,239,245,250,250,251,250,250,249,247,247,245,244,244,244,247,251,255,256,253,247,247,245
1403,BARNARD,584,486,439,435,569,593,611,628,643,658,686,711,744,773,790,796,802,809,816,823,831,840,852,866,872,880,888,902,913,925,934,937,942,950,958,956,960,961,961,957,954,952,949,947,947,947,939,938,931,924,918,918,926,927
1404,BETHEL,"1,650","1,477","1,534","1,356","1,347","1,403","1,447","1,486","1,523","1,559","1,594","1,621","1,669","1,705","1,715","1,725","1,735","1,748","1,760","1,772","1,788","1,805","1,829","1,855","1,866","1,874","1,883","1,906","1,921","1,937","1,950","1,946","1,950","1,957","1,968","1,982","1,997","2,006","2,013","2,014","2,015","2,019","2,021","2,025","2,030","2,022","2,020","2,011",2016,2002,1982,1961,1963,1951
1405,BRIDGEWATER,741,895,903,776,783,797,803,807,810,813,826,834,854,867,867,866,867,869,871,872,875,879,886,894,895,903,911,925,936,947,957,959,964,972,980,973,974,971,968,961,955,950,944,939,936,936,933,932,930,925,944,952,961,963
1406,CAVENDISH,"1,418","1,398","1,374","1,223","1,264","1,290","1,305","1,315","1,325","1,333","1,340","1,341","1,359","1,367","1,355","1,345","1,340","1,335","1,331","1,326","1,323","1,322","1,325","1,329","1,323","1,337","1,351","1,374","1,393","1,412","1,428","1,433","1,443","1,456","1,470","1,466","1,461","1,453","1,442","1,428","1,413","1,402","1,387","1,375","1,367","1,367","1,363","1,363",1361,1352,1381,1393,1406,1410
1407,CHESTER,"1,666","1,740","1,981","2,318","2,371","2,434","2,474","2,507","2,537","2,565","2,616","2,654","2,727","2,780","2,791","2,784","2,782","2,783","2,783","2,784","2,788","2,797","2,814","2,834","2,832","2,850","2,870","2,909","2,938","2,968","2,993","2,993","3,004","3,022","3,044","3,081","3,105","3,119","3,130","3,131","3,132","3,139","3,140","3,146","3,154","3,153","3,116","3,102",3092,3082,3054,3023,3032,3024
1408,HARTFORD,"4,888","4,978","5,827","6,355","6,477","6,629","6,720","6,790","6,854","6,912","7,138","7,329","7,615","7,848","7,963","8,095","8,212","8,339","8,467","8,595","8,736","8,893","9,077","9,277","9,404","9,495","9,586","9,742","9,865","9,990","10,099","10,126","10,189","10,274","10,367","10,297","10,308","10,287","10,256","10,192","10,128","10,084","10,023","9,976","9,952","9,952","9,838","9,812",9829,9779,9671,9612,9684,9556
1409,HARTLAND,"1,266","1,306","1,559","1,592","1,806","1,899","1,974","2,044","2,111","2,176","2,225","2,263","2,330","2,381","2,396","2,454","2,504","2,557","2,611","2,664","2,722","2,785","2,857","2,934","2,988","3,008","3,031","3,073","3,106","3,138","3,165","3,167","3,180","3,200","3,223","3,253","3,286","3,308","3,327","3,334","3,343","3,357","3,366","3,379","3,393","3,393","3,385","3,387",3379,3358,3445,3453,3483,3507
1410,LUDLOW,"2,305","2,458","2,428","2,386","2,463","2,497","2,507","2,510","2,510","2,509","2,495","2,470","2,476","2,463","2,414","2,391","2,375","2,362","2,349","2,335","2,325","2,317","2,317","2,319","2,302","2,314","2,328","2,357","2,379","2,400","2,418","2,416","2,422","2,434","2,449","2,379","2,344","2,299","2,253","2,200","2,147","2,099","2,046","1,998","1,963","1,963","1,945","1,937",1935,1929,1903,1881,1885,1864
1411,NORWICH,"1,371","1,418","1,532","1,790","1,966","2,033","2,081","2,123","2,162","2,200","2,244","2,278","2,341","2,387","2,398","2,468","2,527","2,590","2,653","2,717","2,785","2,858","2,941","3,028","3,093","3,138","3,182","3,246","3,300","3,355","3,404","3,426","3,460","3,502","3,544","3,514","3,519","3,514","3,506","3,486","3,466","3,453","3,435","3,420","3,414","3,414","3,393","3,390",3386,3376,3353,3317,3318,3409
1412,PLYMOUTH,331,432,348,308,283,296,306,316,325,333,348,362,380,395,405,407,410,413,415,418,422,426,431,437,440,453,464,478,491,504,516,524,534,545,555,568,576,583,590,594,599,604,609,614,619,619,615,617,616,614,610,604,606,600
1413,POMFRET,728,686,586,600,620,646,667,685,703,720,748,774,809,839,856,854,854,855,856,856,858,862,867,874,874,886,898,916,931,946,959,965,974,986,997,968,965,960,953,943,934,926,917,909,904,904,898,895,894,888,878,865,864,853
1414,READING,474,437,470,472,564,577,584,590,595,599,610,618,634,645,647,640,636,632,628,624,621,619,619,619,614,623,632,645,656,667,678,682,690,698,707,699,699,696,693,688,682,678,673,668,666,666,659,656,656,653,648,644,644,637
1415,ROCHESTER,"1,285","1,129",937,879,884,920,947,971,994,"1,017","1,026","1,031","1,049","1,059","1,054","1,064","1,074","1,085","1,095","1,106","1,119","1,133","1,151","1,171","1,181","1,177","1,176","1,183","1,185","1,187","1,188","1,178","1,173","1,170","1,171","1,240","1,234","1,224","1,214","1,200","1,185","1,173","1,160","1,147","1,139","1,140","1,126","1,122",1121,1113,1099,1094,1098,1088
1416,ROYALTON,"1,491","1,291","1,331","1,388","1,399","1,483","1,554","1,620","1,684","1,746","1,821","1,887","1,977","2,054","2,100","2,124","2,147","2,172","2,197","2,222","2,250","2,282","2,322","2,365","2,389","2,408","2,428","2,465","2,493","2,522","2,546","2,550","2,563","2,582","2,603","2,634","2,663","2,684","2,702","2,712","2,721","2,736","2,746","2,760","2,773","2,781","2,771","2,769",2765,2748,2811,2829,2855,2871
1417,SHARON,569,530,470,485,541,573,599,624,648,671,704,734,773,806,828,869,903,938,973,"1,009","1,046","1,085","1,129","1,174","1,211","1,232","1,251","1,278","1,302","1,326","1,348","1,358","1,374","1,393","1,411","1,427","1,443","1,454","1,464","1,469","1,474","1,482","1,487","1,495","1,502","1,501","1,497","1,498",1495,1486,1520,1519,1533,1530
1418,SPRINGFIELD,"6,955","7,720","9,190","9,934","10,063","10,172","10,186","10,171","10,144","10,112","10,150","10,139","10,257","10,300","10,190","10,076","9,996","9,929","9,859","9,789","9,731","9,686","9,669","9,664","9,579","9,494","9,446","9,458","9,436","9,413","9,373","9,254","9,170","9,105","9,078","9,141","9,211","9,253","9,289","9,294","9,301","9,322","9,330","9,348","9,373","9,373","9,284","9,257",9232,9170,9044,8924,8950,8908
1419,STOCKBRIDGE,460,490,427,392,389,409,426,441,456,470,478,485,497,507,508,518,528,537,547,557,568,580,593,608,618,623,628,637,645,652,659,660,663,668,674,681,690,698,705,710,714,720,725,731,736,736,733,729,731,729,722,712,711,707
1420,WEATHERSFIELD,"1,156","1,075","1,288","1,254","2,040","2,110","2,161","2,206","2,248","2,288","2,342","2,385","2,459","2,515","2,534","2,539","2,547","2,557","2,568","2,578","2,592","2,610","2,636","2,666","2,674","2,681","2,692","2,720","2,739","2,758","2,773","2,765","2,767","2,775","2,788","2,805","2,821","2,829","2,833","2,829","2,825","2,824","2,822","2,821","2,825","2,824","2,810","2,794",2791,2774,2775,2754,2761,2736
1421,WESTON,411,457,468,442,507,525,537,548,559,569,582,592,610,623,627,608,594,580,566,552,539,526,515,503,488,504,518,536,551,566,581,591,604,618,630,624,621,615,609,600,593,586,577,571,566,566,563,560,561,570,564,545,548,544
1422,WEST WINDSOR,512,494,504,539,571,597,617,635,652,669,690,706,733,753,763,778,791,806,820,834,850,867,887,909,923,938,952,972,989,"1,006","1,022","1,030","1,041","1,054","1,067","1,076","1,083","1,088","1,092","1,092","1,092","1,094","1,095","1,096","1,099","1,098","1,095","1,087",1089,1084,1072,1050,1053,1043
1423,WINDSOR,"4,359","4,155","4,402","4,468","4,158","4,194","4,191","4,176","4,156","4,134","4,134","4,113","4,144","4,145","4,084","4,024","3,981","3,942","3,902","3,861","3,826","3,796","3,776","3,761","3,714","3,709","3,713","3,741","3,756","3,771","3,780","3,757","3,748","3,747","3,756","3,754","3,749","3,732","3,712","3,681","3,650","3,625","3,595","3,569","3,553","3,553","3,498","3,485",3476,3464,3419,3398,3348,3298
1424,WOODSTOCK,"2,469","2,512","2,613","2,786","2,608","2,685","2,738","2,782","2,823","2,862","2,939","3,002","3,103","3,182","3,214","3,200","3,193","3,189","3,185","3,181","3,182","3,187","3,201","3,220","3,212","3,206","3,207","3,230","3,241","3,253","3,258","3,237","3,228","3,225","3,232","3,239","3,231","3,216","3,197","3,167","3,139","3,116","3,088","3,062","3,048","3,047","3,012","3,000",2996,2982,2952,2932,2937,2920
