town,type,gross,past_gross,past_use,use
ADDISON,Sales and Use,5414225.7,5608605.8100000005,0.0,0.0
ALBANY,Sales and Use,381182.16,0.0,0.0,0.0
ALBURGH,Meals and Rooms,15458616.47,14108267.51,0.0,0.0
ALBURGH,Meals and Rooms,20744882.68,15458616.47,0.0,0.0
ALBURGH,Sales and Use,21225166.78,15996949.87,0.0,0.0
ARLINGTON,Meals and Rooms,130579773.8,117725543.47,0.0,0.0
ARLINGTON,Meals and Rooms,163815981.43,130565545.50999999,0.0,0.0
ARLINGTON,Sales and Use,166206674.20999998,132433360.74000001,460041.1666666666,400506.8333333337
BARNARD,Sales and Use,229726.22,523526.12,0.0,0.0
BARNET,Sales and Use,6405863.51,6842855.63,0.0,0.0
BARRE TOWN,Meals and Rooms,120950896.36,105087592.97,95683.66666666674,84713.66666666663
BARRE TOWN,Meals and Rooms,109850673.92,120915388.06,84713.66666666663,0.0
BARRE TOWN,Sales and Use,118531864.94,129447128.82,1014446.833333334,908647.6666666664
BARTON,Meals and Rooms,216952741.41,181093612.54,259106.33333333337,547954.8333333334
BARTON,Meals and Rooms,219363902.46,216963273.05,531202.5000000001,848222.3333333327
BARTON,Sales and Use,221381932.67000002,219967553.79,543036.1666666667,862249.1666666663
BENNINGTON,Meals and Rooms,471080291.93,412984182.02,2139493.8333333335,2348331.9999999995
BENNINGTON,Meals and Rooms,478431835.44,456754747.84,2294678.4999999995,1975759.1666666667
BENNINGTON,Sales and Use,515979388.36,493363526.52,2662301.666666666,2309598.4999999995
BENSON,Sales and Use,2550992.56,2943990.5,0.0,0.0
BERLIN,Meals and Rooms,247650360.43,222627407.35999998,1095855.666666667,1498878.1666666667
BERLIN,Meals and Rooms,215428887.49,247751219.59,1171336.3333333335,1206069.6666666667
BERLIN,Sales and Use,217246601.04000002,249672098.76,1281607.1666666665,1368131.333333334
BETHEL,Meals and Rooms,40600394.25,15604356.38,0.0,0.0
BETHEL,Meals and Rooms,38525137.92,40601885.25,0.0,0.0
BETHEL,Sales and Use,59051201.04,59919615.11,945246.0000000005,1126483.166666666
BRADFORD,Meals and Rooms,88482056.88,84983559.52,867189.3333333331,892680.3333333334
BRADFORD,Meals and Rooms,88926272.05,88654135.86,894648.5000000001,1164536.9999999995
BRADFORD,Sales and Use,93896705.96,93534747.69,987079.8333333331,1281280.0
BRANDON,Meals and Rooms,85086833.61,81017243.71,0.0,0.0
BRANDON,Meals and Rooms,90802076.66,84638940.14,0.0,0.0
BRANDON,Sales and Use,98030588.5,108609269.55,608373.6666666663,1244165.5000000002
BRATTLEBORO,Meals and Rooms,477912167.38,496032173.19,5543884.833333334,7503668.833333331
BRATTLEBORO,Meals and Rooms,497809150.93,478379042.24,7503668.833333335,3951958.500000001
BRATTLEBORO,Sales and Use,563483456.5,537100466.47,7683510.833333335,4355049.666666666
BRIDGEWATER,Meals and Rooms,3843621.9899999998,3681793.9,0.0,0.0
BRIDGEWATER,Meals and Rooms,327300.7,1898124.56,0.0,0.0
BRIDGEWATER,Sales and Use,5724734.13,6020118.859999999,0.0,0.0
BRIDPORT,Sales and Use,16993595.4,17795659.5,0.0,0.0
BRIGHTON,Meals and Rooms,6627238.49,6421464.97,0.0,0.0
BRIGHTON,Meals and Rooms,6485075.24,6627238.49,0.0,0.0
BRIGHTON,Sales and Use,7305448.99,6928217.16,0.0,0.0
BRISTOL,Meals and Rooms,59396282.730000004,49926806.19,0.0,0.0
BRISTOL,Meals and Rooms,55744954.79,57951095.18,0.0,0.0
BRISTOL,Sales and Use,65806096.82,66233574.03,745251.8333333333,753364.6666666667
BROOKFIELD,Sales and Use,35899894.0,15649333.83,0.0,0.0
BROWNINGTON,Sales and Use,844566.28,0.0,0.0,0.0
BURKE,Meals and Rooms,10493297.76,9874673.0,0.0,0.0
BURKE,Meals and Rooms,10558046.6,10493652.52,0.0,0.0
BURKE,Sales and Use,12007676.43,11833686.83,0.0,0.0
BURLINGTON,Meals and Rooms,847465316.6999999,998547622.93,7586804.666666666,8414529.333333334
BURLINGTON,Meals and Rooms,849221255.1,850594746.12,8412512.666666666,8868508.833333332
BURLINGTON,Sales and Use,912506775.64,920821738.2,9483024.5,9479851.833333336
CABOT,Sales and Use,989426852.63,915196794.54,0.0,0.0
CALAIS,Sales and Use,1886155.46,2098259.92,0.0,0.0
CAMBRIDGE,Meals and Rooms,55430400.57,52491325.37,0.0,0.0
CAMBRIDGE,Meals and Rooms,52472593.44,55456056.23,0.0,0.0
CAMBRIDGE,Sales and Use,62255318.39,62082928.42,669526.3333333331,761349.333333333
CANAAN,Sales and Use,0.0,1305357.29,0.0,0.0
CASTLETON,Meals and Rooms,54846831.18,84045012.64,0.0,0.0
CASTLETON,Meals and Rooms,54281236.87,54853143.66,0.0,0.0
CASTLETON,Sales and Use,62172584.89,63050673.18,0.0,47430.66666666664
CAVENDISH,Sales and Use,6403110.14,6373845.82,0.0,0.0
CHARLESTON,Sales and Use,1378291.54,734325.37,0.0,0.0
CHARLOTTE,Meals and Rooms,14498042.11,13690866.08,0.0,0.0
CHARLOTTE,Meals and Rooms,15152819.66,15273101.66,0.0,0.0
CHARLOTTE,Sales and Use,22625748.73,21290702.54,284717.66666666674,79895.0
CHELSEA,Meals and Rooms,178359.32,770858.84,0.0,0.0
CHELSEA,Meals and Rooms,1515591.82,178359.32,0.0,0.0
CHELSEA,Sales and Use,8479452.17,13076968.64,0.0,0.0
CHESTER,Meals and Rooms,29508622.46,29718069.29,158866.5,121119.33333333337
CHESTER,Meals and Rooms,31246143.14,29537438.1,121119.3333333334,71365.00000000003
CHESTER,Sales and Use,34328475.36,33032069.6,446020.8333333334,408894.16666666686
CLARENDON,Meals and Rooms,54500015.31,61346289.2,0.0,0.0
CLARENDON,Meals and Rooms,74134000.41,67262825.2,81617.99999999997,0.0
CLARENDON,Sales and Use,116710740.3,108561454.57,544728.333333333,441778.83333333366
COLCHESTER,Meals and Rooms,1992906297.23,1412485533.33,16395164.166666653,12567862.16666667
COLCHESTER,Meals and Rooms,1443776191.88,1971742322.68,9962206.833333336,15633576.333333327
COLCHESTER,Sales and Use,1669870287.1399999,2180981973.4700003,10554468.833333328,16154099.5
CONCORD,Sales and Use,1054027.24,1169859.65,0.0,0.0
CORINTH,Sales and Use,4703456.45,4749237.58,0.0,0.0
CORNWALL,Sales and Use,2829416.4,4328335.72,0.0,0.0
COVENTRY,Sales and Use,2006118.32,7910780.27,0.0,0.0
CRAFTSBURY,Meals and Rooms,5778115.17,4911488.28,0.0,0.0
CRAFTSBURY,Meals and Rooms,5853783.02,5778115.17,0.0,0.0
CRAFTSBURY,Sales and Use,6914222.89,6327853.7,0.0,0.0
DANBY,Meals and Rooms,0.0,11035063.89,0.0,0.0
DANBY,Meals and Rooms,0.0,374852.61,0.0,0.0
DANBY,Sales and Use,12321393.530000001,11932523.06,0.0,0.0
DANVILLE,Meals and Rooms,9386941.45,8402154.94,0.0,0.0
DANVILLE,Meals and Rooms,10218845.65,9386941.45,0.0,0.0
DANVILLE,Sales and Use,15185155.020000001,12840703.18,0.0,0.0
DERBY,Meals and Rooms,253740564.02,224346647.5,1228574.6666666665,1192280.4999999995
DERBY,Meals and Rooms,260431705.41,251938868.64,1199147.5,1362900.8333333335
DERBY,Sales and Use,268351129.14,259609906.13,1291550.8333333333,1426028.0000000007
DORSET,Meals and Rooms,22247547.65,20873865.71,0.0,0.0
DORSET,Meals and Rooms,21589048.43,22247547.65,0.0,0.0
DORSET,Sales and Use,28610463.25,29558953.689999998,92606.33333333336,0.0
DOVER,Meals and Rooms,43997211.7,32630412.6,0.0,0.0
DOVER,Meals and Rooms,38672420.41,43997211.7,0.0,0.0
DOVER,Sales and Use,44066506.6,48179274.120000005,0.0,0.0
DUMMERSTON,Meals and Rooms,14743163.129999999,9214073.42,0.0,0.0
DUMMERSTON,Meals and Rooms,15746386.58,14743163.129999999,0.0,0.0
DUMMERSTON,Sales and Use,21024065.0,19940324.06,0.0,99732.5
DUXBURY,Sales and Use,2154221.7,2044424.04,0.0,0.0
EAST MONTPELIER,Meals and Rooms,55895956.3,49196359.81,0.0,279969.0
EAST MONTPELIER,Meals and Rooms,50705870.19,55902157.5,279969.0,133208.33333333334
EAST MONTPELIER,Sales and Use,52877873.22,57531209.71,868290.4999999998,819337.5000000001
EDEN,Sales and Use,5095894.83,4759724.07,0.0,0.0
ESSEX,Meals and Rooms,517254879.72,469247243.15,5289129.33333333,3191509.0
ESSEX,Meals and Rooms,518724042.72,517975032.51,3196871.5,2663139.1666666665
ESSEX,Sales and Use,615150699.63,600489243.11,3591784.0,2951180.6666666665
FAIR HAVEN,Meals and Rooms,75175073.58,68422686.92,0.0,0.0
FAIR HAVEN,Meals and Rooms,70134653.52,75176373.58,0.0,0.0
FAIR HAVEN,Sales and Use,70778189.65,76178444.17,0.0,0.0
FAIRFAX,Meals and Rooms,27326151.21,27722014.39,0.0,0.0
FAIRFAX,Meals and Rooms,36209673.57,36088044.68,0.0,0.0
FAIRFAX,Sales and Use,43328285.01,42769819.94,0.0,0.0
FAIRFIELD,Meals and Rooms,546077.91,0.0,0.0,0.0
FAIRFIELD,Sales and Use,7584050.83,8436229.69,0.0,0.0
FAIRLEE,Meals and Rooms,13151802.77,13223163.33,0.0,0.0
FAIRLEE,Meals and Rooms,14361234.870000001,13203351.67,0.0,0.0
FAIRLEE,Sales and Use,45856121.46,44369902.2,152432.33333333343,122069.5
FERRISBURGH,Meals and Rooms,24212389.11,20957689.39,0.0,0.0
FERRISBURGH,Meals and Rooms,24181265.68,24214574.61,0.0,0.0
FERRISBURGH,Sales and Use,24962321.59,25018418.29,0.0,0.0
FRANKLIN,Sales and Use,0.0,6508717.58,0.0,0.0
GEORGIA,Meals and Rooms,22865983.22,20429920.64,0.0,0.0
GEORGIA,Meals and Rooms,12957261.63,13638540.91,0.0,0.0
GEORGIA,Sales and Use,13529024.74,14279443.31,0.0,0.0
GLOVER,Sales and Use,675103.73,0.0,0.0,0.0
GRAFTON,Sales and Use,0.0,869233.71,0.0,0.0
GRAND ISLE,Meals and Rooms,706528.03,0.0,0.0,0.0
GRAND ISLE,Meals and Rooms,385078.1,1654369.27,0.0,0.0
GRAND ISLE,Sales and Use,6133162.92,9326647.18,0.0,0.0
GREENSBORO,Sales and Use,13608199.82,12021653.52,0.0,0.0
GROTON,Sales and Use,7836233.0,7351981.54,0.0,0.0
GUILFORD,Sales and Use,3478938.23,3554040.4699999997,0.0,0.0
HALIFAX,Sales and Use,1039174.09,1930051.74,0.0,0.0
HANCOCK,Sales and Use,515058.1,895794.44,0.0,0.0
HARDWICK,Meals and Rooms,97554419.18,87062310.41,0.0,0.0
HARDWICK,Meals and Rooms,101441371.19999999,97481459.39,0.0,0.0
HARDWICK,Sales and Use,102813545.92,99548362.08,110838.00000000006,150421.66666666663
HARTFORD,Meals and Rooms,341284926.13,320974209.69,1450978.6666666667,3113471.3333333307
HARTFORD,Meals and Rooms,372445139.74,341393540.99,3128043.6666666637,3128460.166666667
HARTFORD,Sales and Use,406287611.49,381288261.24,3616900.666666667,3425536.8333333344
HARTLAND,Meals and Rooms,14198339.65,12757066.94,0.0,0.0
HARTLAND,Meals and Rooms,10041354.52,14286487.61,0.0,0.0
HARTLAND,Sales and Use,14770368.01,15798396.69,235229.1666666666,245147.6666666668
HIGHGATE,Meals and Rooms,19572338.45,17199500.85,0.0,0.0
HIGHGATE,Meals and Rooms,20150668.73,19572338.45,0.0,0.0
HIGHGATE,Sales and Use,21908516.86,21681397.31,0.0,0.0
HINESBURG,Meals and Rooms,62668276.59,96762169.57,0.0,0.0
HINESBURG,Meals and Rooms,82143836.24,61550475.06,0.0,52218.83333333327
HINESBURG,Sales and Use,88015445.53,68211774.77,139580.83333333337,298191.33333333343
HUNTINGTON,Sales and Use,2385351.45,2460169.29,0.0,0.0
HYDE PARK,Meals and Rooms,31291484.34,32273151.62,0.0,0.0
HYDE PARK,Meals and Rooms,30773803.77,31295830.71,0.0,0.0
HYDE PARK,Sales and Use,41339009.44,42214690.74,0.0,0.0
IRASBURG,Meals and Rooms,15095694.32,5372483.75,0.0,0.0
IRASBURG,Meals and Rooms,9529613.52,15083792.68,0.0,0.0
IRASBURG,Sales and Use,17174870.31,20826331.31,0.0,0.0
JAMAICA,Meals and Rooms,17329942.49,7960009.62,0.0,0.0
JAMAICA,Meals and Rooms,20717899.27,17138574.71,0.0,0.0
JAMAICA,Sales and Use,19707289.060000002,16693633.239999998,0.0,0.0
JAY,Sales and Use,30466688.2,17516770.919999998,0.0,0.0
JERICHO,Meals and Rooms,27383449.72,24994242.16,0.0,0.0
JERICHO,Meals and Rooms,28154032.65,27145673.41,0.0,0.0
JERICHO,Sales and Use,31890206.84,31870854.59,63439.99999999997,61742.5
JOHNSON,Meals and Rooms,113933615.02,113038760.2,0.0,0.0
JOHNSON,Meals and Rooms,111468453.83,113933615.02,0.0,0.0
JOHNSON,Sales and Use,112360545.82000001,114841129.44,1023176.8333333328,241418.1666666664
KILLINGTON,Meals and Rooms,67779532.82,67068029.480000004,0.0,0.0
KILLINGTON,Meals and Rooms,72208784.16,67677873.91,0.0,0.0
KILLINGTON,Sales and Use,74533385.32,69989089.42,4071315.8333333335,0.0
LINCOLN,Sales and Use,3045198.1799999997,2689540.96,0.0,0.0
LONDONDERRY,Meals and Rooms,36100899.43,33123915.19,0.0,0.0
LONDONDERRY,Meals and Rooms,38648708.97,36326851.33,0.0,0.0
LONDONDERRY,Sales and Use,41649049.58,38671478.88,0.0,0.0
LUDLOW,Meals and Rooms,92920633.62,96606675.11,0.0,214853.83333333346
LUDLOW,Meals and Rooms,70701172.34,92933189.96000001,214853.83333333343,0.0
LUDLOW,Sales and Use,72909658.69999999,95225574.72,1480242.4999999995,263830.4999999999
LUNENBURG,Sales and Use,2379887.31,2409643.98,0.0,0.0
LYNDON,Meals and Rooms,90080446.35,89608237.53,749839.6666666669,614279.1666666669
LYNDON,Meals and Rooms,91273199.59,89524629.07,614279.1666666669,564466.6666666666
LYNDON,Sales and Use,136462043.44,128432489.74000001,710881.3333333334,665589.1666666667
MANCHESTER,Meals and Rooms,373154158.95,378270430.07,3598710.3333333344,3693649.999999999
MANCHESTER,Meals and Rooms,255669332.2,373283284.02,3693649.999999999,3774972.9999999995
MANCHESTER,Sales and Use,271141164.85,388131944.53999996,3766989.666666667,3852027.666666667
MARLBORO,Sales and Use,1630120.96,1568968.34,0.0,0.0
MARSHFIELD,Sales and Use,11192379.89,10981633.2,0.0,0.0
MENDON,Meals and Rooms,1705632.84,0.0,0.0,0.0
MENDON,Meals and Rooms,4166739.37,1705632.84,0.0,0.0
MENDON,Sales and Use,27036857.71,22562128.490000002,0.0,0.0
MIDDLEBURY,Meals and Rooms,386867133.63,352565623.34,1624275.6666666672,1631364.1666666663
MIDDLEBURY,Meals and Rooms,376044936.6,386797347.63,1559743.1666666665,1688676.1666666667
MIDDLEBURY,Sales and Use,403745254.59000003,416910532.28,1636800.6666666663,1748164.3333333342
MIDDLESEX,Meals and Rooms,11979447.34,0.0,0.0,0.0
MIDDLESEX,Meals and Rooms,4926836.6,11973246.14,0.0,0.0
MIDDLESEX,Sales and Use,65516660.160000004,36177336.2,0.0,0.0
MIDDLETOWN SPRINGS,Sales and Use,2286330.99,2270783.08,0.0,0.0
MILTON,Meals and Rooms,150927961.02,181583294.18,646203.6666666666,2268682.33333333
MILTON,Meals and Rooms,164091055.02,177530677.65,4861754.999999997,2483423.66666667
MILTON,Sales and Use,208681000.82999998,218022609.65,5174947.6666666735,2869344.0
MONKTON,Sales and Use,4355601.99,3659691.15,0.0,0.0
MONTGOMERY,Sales and Use,9836665.58,9001035.33,0.0,0.0
MONTPELIER,Meals and Rooms,171185541.42,174050827.91,3705237.666666667,3914134.333333332
MONTPELIER,Meals and Rooms,177429134.02,171158002.44,3916177.4999999986,4325653.666666666
MONTPELIER,Sales and Use,203631273.16,196724756.36,4115388.333333334,4535800.999999999
MORETOWN,Meals and Rooms,4010016.63,2851505.5300000003,0.0,0.0
MORETOWN,Meals and Rooms,3687328.15,4010016.63,0.0,0.0
MORETOWN,Sales and Use,7645188.85,7193093.4,0.0,0.0
MORRISTOWN,Meals and Rooms,264931679.26,245685848.19,2405810.3333333335,2825027.1666666665
MORRISTOWN,Meals and Rooms,270567563.17,265148103.77,2827790.333333334,2212815.666666667
MORRISTOWN,Sales and Use,280259973.01,274088459.81,3045148.166666668,2413642.166666667
MOUNT HOLLY,Sales and Use,3810511.71,5232102.27,0.0,0.0
NEW HAVEN,Meals and Rooms,112304835.52,121249304.5,0.0,0.0
NEW HAVEN,Meals and Rooms,124784918.6,120277351.36,0.0,0.0
NEW HAVEN,Sales and Use,125770742.42,121332334.21000001,0.0,0.0
NEWBURY,Meals and Rooms,36070130.53,36469162.29,0.0,0.0
NEWBURY,Meals and Rooms,37141242.03,36070130.53,0.0,0.0
NEWBURY,Sales and Use,38637113.120000005,37545637.97,53170.66666666667,0.0
NEWFANE,Sales and Use,9525351.09,9235475.41,0.0,0.0
NEWPORT TOWN,Sales and Use,6403383.26,6290499.21,0.0,0.0
NORTH HERO,Meals and Rooms,739203.03,449517.02,0.0,0.0
NORTH HERO,Meals and Rooms,1509415.94,739203.03,0.0,0.0
NORTH HERO,Sales and Use,5756202.3100000005,6206232.96,0.0,0.0
NORTHFIELD,Meals and Rooms,67554768.35,62365294.9,0.0,0.0
NORTHFIELD,Meals and Rooms,72953679.25,67324128.74,0.0,0.0
NORTHFIELD,Sales and Use,75179734.15,68938982.39,0.0,0.0
NORWICH,Meals and Rooms,81654178.1,77488368.08,0.0,0.0
NORWICH,Meals and Rooms,105982171.63,81482443.41,0.0,0.0
NORWICH,Sales and Use,111786196.83,87817143.16,617650.1666666665,561116.3333333335
ORWELL,Sales and Use,19517909.189999998,21029775.32,0.0,0.0
PAWLET,Meals and Rooms,6529626.8,5581093.39,0.0,0.0
PAWLET,Meals and Rooms,4949455.66,6529626.8,0.0,0.0
PAWLET,Sales and Use,9039926.27,11250424.65,0.0,0.0
PERU,Sales and Use,3758540.3200000003,3064770.0700000003,0.0,0.0
PITTSFIELD,Sales and Use,4491027.41,0.0,0.0,0.0
PITTSFORD,Meals and Rooms,24766846.14,23010792.83,0.0,0.0
PITTSFORD,Meals and Rooms,33370711.0,25239046.75,0.0,0.0
PITTSFORD,Sales and Use,43031684.14,37667347.86,0.0,0.0
PLAINFIELD,Meals and Rooms,2312551.24,0.0,0.0,0.0
PLAINFIELD,Meals and Rooms,1868388.7,734625.75,0.0,0.0
PLAINFIELD,Sales and Use,5042703.6,4665155.3,0.0,0.0
PLYMOUTH,Sales and Use,0.0,732610.56,0.0,0.0
POMFRET,Sales and Use,2456123.89,2152886.5300000003,0.0,0.0
POULTNEY,Meals and Rooms,24891155.83,23339555.71,0.0,0.0
POULTNEY,Meals and Rooms,25527094.95,24886702.18,0.0,0.0
POULTNEY,Sales and Use,46592381.17,45103653.82,0.0,0.0
POWNAL,Meals and Rooms,4963075.75,8364029.38,0.0,0.0
POWNAL,Meals and Rooms,0.0,5557912.51,0.0,0.0
POWNAL,Sales and Use,13168212.58,12028239.14,0.0,0.0
PROCTOR,Meals and Rooms,0.0,2072458.28,0.0,0.0
PROCTOR,Sales and Use,12112984.11,13436079.34,0.0,0.0
PUTNEY,Meals and Rooms,12076151.67,11643456.34,0.0,0.0
PUTNEY,Meals and Rooms,10999602.04,12100827.67,0.0,0.0
PUTNEY,Sales and Use,58091450.05,56285309.3,441591.0,274378.66666666674
RANDOLPH,Meals and Rooms,87011632.21000001,84219286.42,534520.3333333334,280112.3333333334
RANDOLPH,Meals and Rooms,82653759.0,87019843.21000001,280112.3333333334,459765.6666666667
RANDOLPH,Sales and Use,148268781.07,151318797.28,468093.1666666666,520972.49999999994
READING,Sales and Use,1026957.04,1071259.5,0.0,0.0
READSBORO,Sales and Use,434502.34,438056.07,0.0,0.0
RICHFORD,Meals and Rooms,65433471.79,64189533.09,0.0,0.0
RICHFORD,Meals and Rooms,89301103.49,65433471.79,0.0,0.0
RICHFORD,Sales and Use,89584901.45,65742092.07,11395.333333333328,0.0
RICHMOND,Meals and Rooms,98974223.29,102702658.75,52337.83333333342,218909.3333333334
RICHMOND,Meals and Rooms,102038393.84,98989630.29,218909.3333333334,0.0
RICHMOND,Sales and Use,110849571.47999999,108715931.02000001,1539188.8333333335,891190.9999999998
ROCHESTER,Meals and Rooms,16634527.42,23093910.41,0.0,0.0
ROCHESTER,Meals and Rooms,12016206.95,17489756.89,0.0,0.0
ROCHESTER,Sales and Use,17218486.009999998,19095512.04,0.0,0.0
ROCKINGHAM,Meals and Rooms,79601138.67999999,72572331.44,461423.6666666667,574966.6666666664
ROCKINGHAM,Meals and Rooms,79679645.12,79600676.85,574966.6666666664,417354.8333333332
ROCKINGHAM,Sales and Use,106958319.51,107614303.7,749445.4999999999,863498.6666666666
ROYALTON,Meals and Rooms,58198764.73,48389791.14,0.0,0.0
ROYALTON,Meals and Rooms,65961858.95,58211403.38,0.0,0.0
ROYALTON,Sales and Use,66906717.58,58561598.18,97325.99999999994,46045.0
RUTLAND TOWN,Meals and Rooms,215549017.04,278800056.44,10111348.833333334,12645360.166666664
RUTLAND TOWN,Meals and Rooms,250406655.94,246242029.26000002,12738674.83333333,11889160.666666668
RUTLAND TOWN,Sales and Use,255871709.65000004,253889718.74,12740395.166666662,11891080.166666664
RYEGATE,Sales and Use,13672827.66,17745666.88,0.0,0.0
SALISBURY,Sales and Use,1870837.64,1293169.02,0.0,0.0
SHAFTSBURY,Meals and Rooms,87755429.42999999,56282735.57,0.0,0.0
SHAFTSBURY,Meals and Rooms,88957486.91,87764959.92,0.0,0.0
SHAFTSBURY,Sales and Use,90168874.11,88624083.91,0.0,0.0
SHARON,Sales and Use,5056315.85,2289738.73,0.0,0.0
SHELBURNE,Meals and Rooms,242860167.15,224694851.51999998,1121596.333333334,1786801.5000000002
SHELBURNE,Meals and Rooms,243807219.11,242902436.75,1786694.0000000002,979202.0000000001
SHELBURNE,Sales and Use,270134907.55,276728325.45,1833475.1666666672,1050379.8333333337
SHELDON,Sales and Use,29641926.97,35232478.21,0.0,0.0
SHOREHAM,Sales and Use,59331579.86,42310794.57,0.0,0.0
SHREWSBURY,Sales and Use,1404370.49,1470469.25,0.0,0.0
SOUTH BURLINGTON,Meals and Rooms,1704888423.23,1720432180.8,15921397.0,18457037.666666664
SOUTH BURLINGTON,Meals and Rooms,2486489686.04,1709036000.09,18370818.5,14934592.500000002
SOUTH BURLINGTON,Sales and Use,2567871035.05,1777103302.0700002,19312722.83333333,15572189.166666668
SOUTH HERO,Meals and Rooms,20049779.849999998,18487766.02,0.0,0.0
SOUTH HERO,Meals and Rooms,19573059.29,19613915.85,0.0,0.0
SOUTH HERO,Sales and Use,20322565.32,20181455.04,0.0,0.0
SPRINGFIELD,Meals and Rooms,131735087.45,119268333.9,1782549.0,2411564.5000000005
SPRINGFIELD,Meals and Rooms,132610199.07000001,131760497.45,2415931.1666666665,1639590.6666666672
SPRINGFIELD,Sales and Use,140115954.31,138941841.23000002,2599488.166666667,1715243.8333333337
STARKSBORO,Sales and Use,2367288.35,2431510.33,0.0,0.0
STOWE,Meals and Rooms,175723089.79,163166713.47,2912215.1666666665,5224194.0
STOWE,Meals and Rooms,176557666.56,176075886.17,5227206.333333333,5274517.83333333
STOWE,Sales and Use,200988608.69,198302823.01999998,5641306.999999999,5608052.166666671
STRAFFORD,Sales and Use,1603823.29,957220.43,0.0,0.0
SWANTON,Meals and Rooms,155865231.8,115886622.34,181810.1666666667,324913.4999999999
SWANTON,Meals and Rooms,153644503.44,155925501.7,324196.66666666657,282183.8333333334
SWANTON,Sales and Use,172444266.19,182992228.48000002,398960.5000000002,446057.50000000006
THETFORD,Meals and Rooms,14708860.52,15243675.45,0.0,0.0
THETFORD,Meals and Rooms,15424458.25,14908403.56,0.0,0.0
THETFORD,Sales and Use,16033525.4,15791813.24,194806.0,150595.83333333326
TOWNSHEND,Meals and Rooms,0.0,4975589.72,0.0,0.0
TOWNSHEND,Sales and Use,15245880.08,14870594.54,0.0,0.0
TROY,Meals and Rooms,6468513.2,9915507.77,0.0,0.0
TROY,Meals and Rooms,18990424.53,16960042.7,0.0,0.0
TROY,Sales and Use,35127988.19,35297626.019999996,974686.8333333341,473781.3333333334
TUNBRIDGE,Sales and Use,2026077.76,2110480.83,0.0,0.0
UNDERHILL,Meals and Rooms,19858510.93,0.0,0.0,0.0
UNDERHILL,Meals and Rooms,25361161.39,19860733.1,0.0,0.0
UNDERHILL,Sales and Use,27086446.48,26499238.869999997,0.0,0.0
VERGENNES,Meals and Rooms,166000444.37,175086955.9,2415335.500000001,4119816.8333333293
VERGENNES,Meals and Rooms,136938625.25,165873481.87,4119672.4999999953,3849462.333333333
VERGENNES,Sales and Use,141424542.23,170965362.32,4134819.999999997,3879029.166666667
VERNON,Meals and Rooms,16556553.3,890102.34,0.0,0.0
VERNON,Meals and Rooms,19134686.31,16556553.3,0.0,0.0
VERNON,Sales and Use,20579359.740000002,18283978.58,0.0,0.0
WAITSFIELD,Meals and Rooms,99359300.23,96231486.25999999,0.0,109424.33333333334
WAITSFIELD,Meals and Rooms,94247557.75,99834380.15,109424.33333333334,0.0
WAITSFIELD,Sales and Use,119262295.3,121536919.68,1163197.9999999995,661496.6666666667
WALLINGFORD,Sales and Use,10024243.71,10843672.39,0.0,0.0
WARDSBORO,Sales and Use,3409322.56,4151406.24,0.0,0.0
WARREN,Meals and Rooms,35886774.57,25610645.73,0.0,0.0
WARREN,Meals and Rooms,57371429.97,35886774.57,0.0,0.0
WARREN,Sales and Use,57852396.71,43966601.43,0.0,0.0
WATERBURY,Meals and Rooms,95359024.93,93074294.07000001,3102179.666666666,3653059.5000000014
WATERBURY,Meals and Rooms,91903406.97,95793069.75,3653059.500000001,3160877.8333333335
WATERBURY,Sales and Use,135787163.81,133429303.38,3773844.000000001,3248172.3333333307
WATERFORD,Meals and Rooms,7056104.83,11419198.69,0.0,0.0
WATERFORD,Meals and Rooms,8582913.71,7056104.83,0.0,0.0
WATERFORD,Sales and Use,11294234.52,9550830.95,0.0,0.0
WEATHERSFIELD,Meals and Rooms,17594587.95,14115509.58,0.0,0.0
WEATHERSFIELD,Meals and Rooms,16723634.870000001,17588762.03,0.0,0.0
WEATHERSFIELD,Sales and Use,19718643.91,19988407.830000002,697823.0000000003,591231.6666666667
WELLS,Sales and Use,1252044.29,1713249.5899999999,0.0,0.0
WEST RUTLAND,Meals and Rooms,41718277.47,40267340.07,0.0,0.0
WEST RUTLAND,Meals and Rooms,46642223.839999996,41718277.47,0.0,0.0
WEST RUTLAND,Sales and Use,65680589.74,55627582.31,362510.0000000004,223528.83333333334
WEST WINDSOR,Sales and Use,1075142.35,1529745.0699999998,0.0,0.0
WESTFIELD,Sales and Use,5849356.3100000005,5717488.7,0.0,0.0
WESTFORD,Meals and Rooms,1170296.07,0.0,0.0,0.0
WESTFORD,Sales and Use,13923773.39,12983273.61,0.0,0.0
WESTMINSTER,Meals and Rooms,28084660.64,21717513.37,0.0,0.0
WESTMINSTER,Meals and Rooms,48847228.87,28237333.03,0.0,0.0
WESTMINSTER,Sales and Use,51189773.03,30734991.78,438892.3333333334,531720.8333333331
WESTON,Sales and Use,2660005.37,6130746.24,0.0,0.0
WEYBRIDGE,Sales and Use,0.0,438728.89,0.0,0.0
WHITINGHAM,Meals and Rooms,3624762.26,1832640.95,0.0,0.0
WHITINGHAM,Meals and Rooms,3948836.89,4174533.98,0.0,0.0
WHITINGHAM,Sales and Use,5997576.79,6300178.359999999,214071.33333333343,89498.00000000003
WILLIAMSTOWN,Meals and Rooms,15486610.56,14757022.49,0.0,0.0
WILLIAMSTOWN,Meals and Rooms,15827575.51,15487851.63,0.0,0.0
WILLIAMSTOWN,Sales and Use,19658161.54,18783008.96,0.0,0.0
WILLISTON,Meals and Rooms,852485118.38,832151127.0699999,16480055.166666668,17935585.333333332
WILLISTON,Meals and Rooms,819425220.0799999,856112041.71,17951832.5,17233500.0
WILLISTON,Sales and Use,1009120191.38,1090837180.8600001,19267062.166666675,18870337.833333332
WILMINGTON,Meals and Rooms,47698264.28,54886715.89,0.0,0.0
WILMINGTON,Meals and Rooms,44206419.28,47880325.89,0.0,0.0
WILMINGTON,Sales and Use,55860822.9,60285480.92,96398.99999999999,140254.16666666674
WINDSOR,Meals and Rooms,30950910.94,32913799.36,82838.8333333334,317820.3333333335
WINDSOR,Meals and Rooms,31457192.48,30988400.94,317820.3333333335,281754.8333333333
WINDSOR,Sales and Use,37379310.5,36224486.21,502983.83333333314,523035.1666666667
WINHALL,Meals and Rooms,8540014.27,7430750.0600000005,0.0,0.0
WINHALL,Meals and Rooms,10853208.82,8540014.27,0.0,0.0
WINHALL,Sales and Use,11132377.219999999,11199513.93,0.0,0.0
WINOOSKI,Meals and Rooms,103796462.27000001,178496579.9,3825911.6666666674,2653997.333333333
WINOOSKI,Meals and Rooms,66111527.72,103717486.41,2653970.333333333,0.0
WINOOSKI,Sales and Use,167509276.79,238628449.64,4173726.0000000014,3612230.5000000005
WOLCOTT,Meals and Rooms,1284774.2,2866380.29,0.0,0.0
WOLCOTT,Meals and Rooms,3380747.0700000003,2917292.48,0.0,0.0
WOLCOTT,Sales and Use,6623062.2,11001636.27,0.0,0.0
WOODSTOCK,Meals and Rooms,75543617.18,74870639.07,1626191.5,1563750.5000000002
WOODSTOCK,Meals and Rooms,72198322.81,75625205.99,1564521.5,1511285.9999999995
WOODSTOCK,Sales and Use,85243444.27,88853955.36,1709257.0000000005,1686551.6666666672
WORCESTER,Sales and Use,1127846.85,613074.55,0.0,0.0
